0.0000,0.0000,0.0000,0.0000,0.0000,0.0000,0.0000,0.0000,0.0000,0.0000,0.0000,0.0000,0.0000,0.0000,0.0000,0.0000,0.0000,0.0000,0
0.0000,0.0000,0.0000,0.0000,0.0000,0.0000,0.0000,0.0000,0.0000,0.0000,0.0000,0.0000,0.0000,0.0000,0.0000,0.0000,0.0000,0.0000,0
0.0000,0.0000,0.0000,0.0000,0.0000,0.0000,0.0000,0.0000,0.0000,0.0000,0.0000,0.0000,0.0000,0.0000,0.0000,0.0000,0.0000,0.0000,0
0.0000,0.0000,0.0000,0.0000,0.0000,0.0000,0.0000,0.0000,0.0000,0.0000,0.0000,0.0000,0.0000,0.0000,0.0000,0.0000,0.0000,0.0000,0
0.0000,0.0000,0.0000,0.0000,0.0000,0.0000,0.0000,0.0000,0.0000,0.0000,0.0000,0.0000,0.0000,0.0000,0.0000,0.0000,0.0000,0.0000,0
0.0000,0.0000,0.0000,-5252.6138,-28084.4629,22.4979,0.0000,0.0000,0.0000,0.0000,0.0000,0.0000,3.1416,0.7854,3.1416,0.0000,0.0000,0.0000,0
-4703.1636,-28634.3926,24.9425,-5252.6138,-28084.4629,22.4962,0.0000,0.0000,0.0000,0.0000,0.0000,0.0000,-3.1415,0.7854,-3.1416,0.0000,0.0000,0.0000,0
-4703.1636,-28634.3926,24.9425,-5252.6138,-28084.4629,22.4917,0.0000,0.0000,0.0000,0.0000,0.0000,0.0000,-3.1415,0.7854,-3.1416,0.0000,0.0000,0.0000,0
-4703.1636,-28634.3926,24.9425,-5252.6138,-28084.4629,22.4844,0.0000,0.0000,0.0000,0.0000,0.0000,0.0000,-3.1414,0.7854,-3.1415,0.0000,0.0000,0.0000,0
-4703.1636,-28634.3926,24.9425,-5252.6138,-28084.4629,22.4742,0.0000,0.0000,0.0000,0.0000,0.0000,0.0000,-3.1414,0.7854,-3.1415,0.0000,0.0000,0.0000,0
-4703.1636,-28634.3926,24.9425,-5252.6138,-28084.4629,22.4612,0.0000,0.0000,0.0000,774.0716,-0.0009,0.0007,-3.1414,0.7854,-3.1415,0.0000,0.0000,0.0000,0
-4703.1636,-28634.3926,24.9425,-5252.6138,-28084.4629,22.4455,-4704.2920,-28636.2969,23.6306,777.9321,0.0005,0.0002,-3.1414,0.7854,-3.1415,-4704.2920,-28636.2969,23.6306,1
-4703.1636,-28634.3926,24.9425,-5252.6138,-28084.4629,22.4270,-4699.6387,-28637.1074,21.1816,781.7929,-0.0000,-0.0003,-3.1415,0.7854,-3.1415,-4704.1431,-28636.3223,23.5522,1
-4703.1636,-28634.3926,24.9425,-5252.6138,-28084.4629,22.4058,-4706.0254,-28626.9258,28.4533,770.1015,-0.0006,0.0012,-3.1415,0.7854,-3.1414,-4704.1899,-28636.0215,23.7038,1
-4703.1636,-28634.3926,24.9425,-5252.6138,-28084.4629,22.3820,-4699.3706,-28639.5176,29.4673,783.7133,0.0003,0.0013,-3.1414,0.7854,-3.1414,-4704.0278,-28636.1055,23.8955,1
-4703.1636,-28634.3926,24.9425,-5252.6138,-28084.4629,22.3554,-4703.6021,-28635.4570,23.5206,777.8231,0.0003,0.0001,-3.1414,0.7854,-3.1414,-4703.9907,-28636.0684,23.9090,1
-4703.1636,-28634.3926,24.9425,-5252.6138,-28084.4629,22.3261,-4698.9507,-28636.2637,21.0376,781.6839,-0.0003,-0.0004,-3.1414,0.7854,-3.1414,-4703.8052,-28636.0566,23.8416,1
-4703.1636,-28634.3926,24.9425,-5252.6138,-28084.4629,22.2940,-4705.3535,-28626.0938,28.2887,769.9926,-0.0008,0.0011,-3.1414,0.7854,-3.1414,-4703.8154,-28635.7148,24.0014,1
-4703.1636,-28634.3926,24.9425,-5252.6138,-28084.4629,22.2593,-4707.6445,-28633.8691,25.9483,773.8538,0.0006,0.0007,-3.1414,0.7854,-3.1414,-4703.9038,-28635.6074,24.0936,1
-4703.1636,-28634.3926,24.9425,-5252.6138,-28084.4629,22.2218,-4703.0005,-28634.7031,23.4840,777.7142,0.0001,0.0002,-3.1414,0.7854,-3.1413,-4703.8521,-28635.5234,24.1093,1
-4703.1636,-28634.3926,24.9425,-5252.6138,-28084.4629,22.1817,-4698.3496,-28635.5059,20.9936,781.5752,-0.0005,-0.0003,-3.1414,0.7854,-3.1413,-4703.6504,-28635.4668,24.0429,1
-4703.1636,-28634.3926,24.9425,-5252.6138,-28084.4629,22.1388,-4711.6074,-28632.1875,28.2328,769.8838,0.0010,0.0012,-3.1414,0.7854,-3.1413,-4703.8657,-28635.3027,24.2025,1
-4703.1636,-28634.3926,24.9425,-5252.6138,-28084.4629,22.0933,-4706.9707,-28633.0469,25.9270,773.7452,0.0004,0.0007,-3.1414,0.7854,-3.1413,-4703.9487,-28635.1641,24.2949,1
-4703.1636,-28634.3926,24.9425,-5252.6138,-28084.4629,22.0451,-4702.3267,-28633.8750,23.4568,777.6056,-0.0001,0.0002,-3.1414,0.7854,-3.1413,-4703.8887,-28635.0488,24.3099,1
-4703.1636,-28634.3926,24.9425,-5252.6138,-28084.4629,21.9942,-4697.6738,-28634.6719,20.9600,781.4665,-0.0007,-0.0003,-3.1414,0.7854,-3.1413,-4703.6772,-28634.9590,24.2419,1
-4703.1636,-28634.3926,24.9425,-5252.6123,-28084.4629,21.9468,-4699.6396,-28642.0762,27.7102,785.3275,0.0008,0.0012,-3.1416,0.7860,3.1406,-4703.5166,-28635.1055,24.3810,1
-4703.1636,-28634.3926,24.9425,-5252.6094,-28084.4629,21.9077,-4706.2612,-28632.1953,24.7294,773.6353,0.0003,0.0008,-3.1413,0.7861,3.1388,-4703.5610,-28634.9570,24.4315,1
-4703.1636,-28634.3926,24.9425,-5252.6055,-28084.4648,21.8776,-4701.6011,-28633.0039,20.6090,777.4962,-0.0002,0.0003,-3.1403,0.7861,3.1372,-4703.4624,-28634.8281,24.3488,1
-4703.1636,-28634.3926,24.9425,-5252.6011,-28084.4648,21.8565,-4696.9497,-28633.7695,15.9901,781.3566,-0.0008,-0.0002,-3.1386,0.7861,3.1357,-4703.2124,-28634.7227,24.1096,1
-4703.1636,-28634.3926,24.9425,-5252.5952,-28084.4688,21.8443,-4699.6094,-28641.9453,20.7862,785.2176,0.0006,0.0013,-3.1363,0.7854,3.1344,-4703.0361,-28634.8789,24.0060,1
-4703.1636,-28634.3926,24.9425,-5252.5889,-28084.4707,21.8410,-4705.6133,-28631.4082,22.9568,773.5060,-0.0000,0.0024,-3.1333,0.7854,3.1332,-4703.0469,-28634.7148,23.9641,1
-4703.1636,-28634.3926,24.9425,-5252.5825,-28084.4746,21.8457,-4706.9341,-28633.6387,14.7119,774.1813,0.0005,0.0013,-3.1298,0.7854,3.1324,-4703.1084,-28634.6172,23.6541,1
-4703.1636,-28634.3926,24.9425,-5252.5767,-28084.4785,21.8566,-4703.3115,-28639.9375,12.0722,781.2272,0.0009,0.0014,-3.1261,0.7854,3.1324,-4703.0630,-28634.7227,23.2433,1
-4703.1636,-28634.3926,24.9425,-5252.5723,-28084.4844,21.8715,-4698.5532,-28640.7383,17.2727,785.0879,0.0003,0.0029,-3.1229,0.7855,3.1331,-4702.8682,-28634.8652,22.9773,1
-4703.1636,-28634.3926,24.9425,-5252.5693,-28084.4863,21.8878,-4705.3188,-28633.5137,25.5992,775.1801,0.0003,0.0048,-3.1206,0.7856,3.1342,-4702.8823,-28634.7910,22.9678,1
-4703.1636,-28634.3926,24.9425,-5252.5679,-28084.4883,21.9035,-4700.2295,-28631.3145,22.0635,777.2232,-0.0008,0.0042,-3.1194,0.7856,3.1355,-4702.7402,-28634.6465,22.8531,1
-4703.1636,-28634.3926,24.9425,-5252.5684,-28084.4902,21.9174,-4702.4722,-28639.0176,20.2340,781.0833,0.0007,0.0037,-3.1192,0.7857,3.1367,-4702.6665,-28634.7402,22.6812,1
-4703.1636,-28634.3926,24.9425,-5252.5698,-28084.4902,21.9294,-4697.7905,-28639.7715,28.7682,784.9440,0.0001,0.0052,-3.1203,0.7857,3.1374,-4702.4453,-28634.8691,22.7791,1
-4703.1636,-28634.3926,24.9425,-5252.5718,-28084.4883,21.9397,-4706.5186,-28632.2676,29.5685,773.4786,0.0003,0.0051,-3.1218,0.7858,3.1377,-4702.4966,-28634.7695,22.9217,1
-4703.1636,-28634.3926,24.9425,-5252.5742,-28084.4863,21.9482,-4696.8442,-28638.4512,31.5860,784.7173,-0.0002,0.0051,-3.1234,0.7858,3.1382,-4702.2490,-28634.8633,23.1423,1
-4703.1636,-28634.3926,24.9425,-5252.5771,-28084.4863,21.9549,-4702.2266,-28638.5879,25.6747,780.9682,0.0005,0.0036,-3.1251,0.7851,3.1388,-4702.1636,-28634.9707,23.1949,1
-4703.1636,-28634.3926,24.9425,-5252.5806,-28084.4844,21.9597,-4697.6714,-28639.3633,34.8723,784.8288,-0.0001,0.0051,-3.1270,0.7850,3.1394,-4701.9360,-28635.1094,23.5463,1
-4703.1636,-28634.3926,24.9425,-5252.5840,-28084.4805,21.9628,-4703.6050,-28628.8809,27.7611,773.1541,-0.0007,0.0033,-3.1290,0.7850,3.1400,-4701.8921,-28634.9199,23.6981,1
-4703.1636,-28634.3926,24.9425,-5252.5879,-28084.4785,21.9643,-4705.9019,-28636.6309,27.3263,777.0148,0.0007,0.0028,-3.1312,0.7849,3.1405,-4701.9287,-28634.9688,23.8435,1
-4703.1636,-28634.3926,24.9425,-5252.5923,-28084.4746,21.9646,-4701.3062,-28637.4980,26.9790,780.8750,0.0002,0.0023,-3.1336,0.7848,3.1409,-4701.8286,-28635.0488,23.9838,1
-4703.1636,-28634.3926,24.9425,-5252.5962,-28084.4727,21.9645,-4696.7769,-28638.2656,36.3778,784.7356,-0.0004,0.0038,-3.1358,0.7847,3.1413,-4701.5864,-28635.1582,24.4281,1
-4703.1636,-28634.3926,24.9425,-5252.6001,-28084.4707,21.9647,-4703.1245,-28628.2422,27.5848,773.0687,-0.0010,0.0017,-3.1379,0.7846,3.1415,-4701.5396,-28634.9512,24.6177,1
-4703.1636,-28634.3926,24.9425,-5252.6030,-28084.4668,21.9652,-4705.4185,-28636.0039,26.5897,776.9294,0.0005,0.0012,-3.1396,0.7845,-3.1415,-4701.5728,-28634.9785,24.7782,1
-4703.1636,-28634.3926,24.9425,-5252.6060,-28084.4648,21.9658,-4700.8262,-28636.8809,25.2946,780.7897,-0.0001,0.0007,-3.1410,0.7844,-3.1414,-4701.4697,-28635.0371,24.8977,1
-4703.1636,-28634.3926,24.9425,-5252.6084,-28084.4629,21.9666,-4696.2803,-28637.6816,33.5646,784.6506,-0.0006,0.0022,3.1411,0.7843,-3.1414,-4701.2227,-28635.1250,25.2781,1
-4703.1636,-28634.3926,24.9425,-5252.6104,-28084.4609,21.9673,-4709.2129,-28634.1855,26.4607,772.9781,0.0007,0.0006,3.1404,0.7842,-3.1413,-4701.3843,-28635.1074,25.4469,1
-4703.1636,-28634.3926,24.9425,-5252.6118,-28084.4609,21.9678,-4704.6323,-28635.0898,24.3916,776.8390,0.0002,0.0001,3.1399,0.7841,-3.1413,-4701.4170,-28635.1152,25.5468,1
-4703.1636,-28634.3926,24.9425,-5252.6128,-28084.4590,21.9681,-4700.0444,-28635.9648,22.0886,780.6994,-0.0004,-0.0004,3.1398,0.7840,-3.1413,-4701.3120,-28635.1523,25.5663,1
-4703.1636,-28634.3926,24.9425,-5252.6133,-28084.4590,21.9682,-4695.4692,-28636.7949,29.4375,784.5602,-0.0009,0.0011,3.1398,0.7839,-3.1414,-4701.0601,-28635.2168,25.8087,1
-4703.1636,-28634.3926,24.9425,-5252.6133,-28084.4590,21.9681,-4708.1177,-28632.9570,25.6659,772.8755,0.0004,0.0004,3.1400,0.7845,-3.1414,-4701.2051,-28635.1602,25.9346,1
-4703.1636,-28634.3926,24.9425,-5252.6133,-28084.4590,21.9678,-4703.6362,-28633.2773,27.6802,776.2765,-0.0002,0.0009,3.1404,0.7845,-3.1414,-4701.2227,-28635.1074,26.1206,1
-4703.1636,-28634.3926,24.9425,-5252.6128,-28084.4590,21.9673,-4698.8384,-28634.6035,20.0638,780.5968,-0.0007,-0.0006,3.1409,0.7845,-3.1414,-4701.0933,-28635.0957,26.0613,1
-4703.1636,-28634.3926,24.9425,-5252.6123,-28084.4609,21.9666,-4701.1558,-28642.3574,26.9678,784.4577,0.0008,0.0009,3.1415,0.7845,-3.1415,-4701.0347,-28635.3281,26.2058,1
-4703.1636,-28634.3926,24.9425,-5252.6118,-28084.4609,21.9659,-4707.7646,-28632.4551,25.3402,772.7642,0.0003,0.0007,-3.1411,0.7845,-3.1415,-4701.1929,-28635.2598,26.2957,1
-4703.1636,-28634.3926,24.9425,-5252.6108,-28084.4629,21.9651,-4703.1284,-28633.2949,22.3913,776.6251,-0.0002,0.0002,-3.1404,0.7845,-3.1415,-4701.2163,-28635.2129,26.2849,1
-4703.1636,-28634.3926,24.9425,-5252.6104,-28084.4629,21.9644,-4704.1602,-28627.7559,24.7011,771.9901,-0.0009,0.0007,-3.1398,0.7845,-3.1415,-4701.2793,-28634.9805,26.3359,1
-4703.1636,-28634.3926,24.9425,-5252.6094,-28084.4629,21.9636,-4700.9844,-28640.4824,24.5981,783.2302,0.0006,0.0008,-3.1392,0.7852,-3.1416,-4701.2466,-28635.1406,26.3775,1
-4703.1636,-28634.3926,24.9425,-5252.6084,-28084.4648,21.9629,-4706.9238,-28631.4648,25.3809,772.6494,0.0002,0.0011,-3.1386,0.7853,3.1416,-4701.4062,-28635.0254,26.4366,1
-4703.1636,-28634.3926,24.9425,-5252.6079,-28084.4648,21.9623,-4702.2310,-28632.2383,22.5485,776.5103,-0.0004,0.0006,-3.1381,0.7854,3.1416,-4701.4268,-28634.9258,26.3994,1
-4703.1636,-28634.3926,24.9425,-5252.6069,-28084.4648,21.9617,-4697.5342,-28632.9805,19.7435,780.3707,-0.0009,0.0001,-3.1376,0.7855,3.1416,-4701.2983,-28634.8477,26.2617,1
-4703.1636,-28634.3926,24.9425,-5252.6064,-28084.4668,21.9613,-4699.7734,-28640.6855,26.8261,784.2316,0.0005,0.0016,-3.1373,0.7855,3.1416,-4701.2344,-28635.0098,26.3344,1
-4703.1636,-28634.3926,24.9425,-5252.6060,-28084.4668,21.9609,-4706.3877,-28630.7734,25.5898,772.5353,0.0001,0.0014,-3.1370,0.7856,3.1416,-4701.3809,-28634.8672,26.3665,1
-4703.1636,-28634.3926,24.9425,-5252.6055,-28084.4668,21.9607,-4705.1245,-28630.0020,28.3168,772.8998,-0.0002,0.0020,-3.1368,0.7857,3.1416,-4701.4976,-28634.6914,26.4833,1
-4703.1636,-28634.3926,24.9425,-5252.6055,-28084.4668,21.9605,-4703.5288,-28638.8262,20.4312,780.2565,0.0009,0.0004,-3.1366,0.7865,3.1415,-4701.5703,-28634.7891,26.3491,1
-4703.1636,-28634.3926,24.9425,-5252.6050,-28084.4688,21.9604,-4703.0337,-28629.0137,25.0951,773.6667,-0.0005,0.0013,-3.1366,0.7867,3.1416,-4701.6318,-28634.5820,26.3492,1
-4703.1636,-28634.3926,24.9425,-5252.6050,-28084.4688,21.9604,-4705.6475,-28629.8750,25.7917,772.4237,0.0000,0.0015,-3.1365,0.7869,3.1416,-4701.7803,-28634.3906,26.3678,1
-4703.1636,-28634.3926,24.9425,-5252.6050,-28084.4688,21.9605,-4700.9033,-28630.5879,23.3943,776.2845,-0.0005,0.0010,-3.1366,0.7871,3.1416,-4701.7827,-28634.2148,26.3068,1
-4703.1636,-28634.3926,24.9425,-5252.6050,-28084.4688,21.9606,-4702.6543,-28637.8066,21.0063,780.1448,0.0009,0.0005,-3.1367,0.7880,3.1415,-4701.8389,-28634.2656,26.1624,1
-4703.1636,-28634.3926,24.9425,-5252.6050,-28084.4688,21.9607,-4697.8584,-28638.4434,28.4729,784.0057,0.0003,0.0020,-3.1368,0.7883,3.1416,-4701.7427,-28634.3457,26.2449,1
-4703.1636,-28634.3926,24.9425,-5252.6050,-28084.4688,21.9609,-4704.9312,-28629.0000,25.8960,772.3145,0.0000,0.0015,-3.1369,0.7886,3.1416,-4701.8643,-28634.1309,26.2496,1
-4703.1636,-28634.3926,24.9425,-5252.6050,-28084.4688,21.9611,-4707.0269,-28636.5508,23.5901,776.1753,0.0015,0.0010,-3.1370,0.7888,3.1416,-4702.0591,-28634.1523,26.1788,1
-4703.1636,-28634.3926,24.9425,-5252.6055,-28084.4668,21.9612,-4703.4351,-28628.5527,29.1008,773.0838,-0.0003,0.0021,-3.1372,0.7884,-3.1416,-4702.1479,-28633.9219,26.2798,1
-4703.1636,-28634.3926,24.9425,-5252.6055,-28084.4668,21.9614,-4697.9087,-28638.3340,28.7726,783.8965,0.0004,0.0020,-3.1373,0.7886,-3.1416,-4702.0610,-28633.9941,26.3749,1
-4703.1636,-28634.3926,24.9425,-5252.6060,-28084.4668,21.9616,-4704.3262,-28628.2344,25.8979,772.2064,-0.0001,0.0014,-3.1375,0.7887,-3.1416,-4702.1694,-28633.7559,26.3827,1
-4703.1636,-28634.3926,24.9425,-5252.6060,-28084.4668,21.9618,-4700.8394,-28633.4160,26.0591,778.3331,0.0002,0.0014,-3.1377,0.7889,3.1416,-4702.1689,-28633.6738,26.3940,1
-4703.1636,-28634.3926,24.9425,-5252.6060,-28084.4668,21.9620,-4702.1245,-28636.9688,21.2436,779.9277,0.0008,0.0004,-3.1378,0.7884,-3.1416,-4702.2056,-28633.7070,26.2495,1
-4703.1636,-28634.3926,24.9425,-5252.6064,-28084.4668,21.9621,-4697.4399,-28637.7109,28.7130,783.7886,0.0002,0.0019,-3.1379,0.7884,-3.1416,-4702.0913,-28633.7734,26.3327,1
-4703.1636,-28634.3926,24.9425,-5252.6064,-28084.4668,21.9622,-4703.7139,-28627.4629,25.8395,772.0986,-0.0004,0.0013,-3.1380,0.7885,3.1416,-4702.1670,-28633.5195,26.3289,1
-4703.1636,-28634.3926,24.9425,-5252.6064,-28084.4668,21.9623,-4706.5537,-28635.7754,23.4771,775.9595,0.0011,0.0008,-3.1381,0.7874,-3.1416,-4702.3359,-28633.5254,26.2476,1
-4703.1636,-28634.3926,24.9425,-5252.6064,-28084.4668,21.9624,-4701.9517,-28636.6426,21.0763,779.8199,0.0005,0.0003,-3.1381,0.7873,-3.1416,-4702.3652,-28633.5645,26.0834,1
-4703.1636,-28634.3926,24.9425,-5252.6069,-28084.4668,21.9624,-4697.3545,-28637.4727,28.4856,783.6807,-0.0000,0.0018,-3.1382,0.7873,3.1416,-4702.2456,-28633.6367,26.1457,1
-4703.1636,-28634.3926,24.9425,-5252.6069,-28084.4668,21.9625,-4709.9795,-28633.5723,25.7695,771.9903,0.0012,0.0012,-3.1382,0.7872,3.1416,-4702.5205,-28633.5957,26.1266,1
-4703.1636,-28634.3926,24.9425,-5252.6069,-28084.4668,21.9625,-4705.3813,-28634.4590,23.3528,775.8511,0.0007,0.0007,-3.1382,0.7871,3.1416,-4702.6611,-28633.5840,26.0291,1
-4703.1636,-28634.3926,24.9425,-5252.6069,-28084.4668,21.9625,-4701.5962,-28630.3828,26.4645,775.6618,-0.0005,0.0014,-3.1382,0.7870,3.1416,-4702.6846,-28633.4453,26.0264,1
-4703.1636,-28634.3926,24.9425,-5252.6069,-28084.4668,21.9625,-4709.8374,-28632.5234,26.7838,771.3500,0.0010,0.0014,-3.1382,0.7870,3.1416,-4702.9702,-28633.3691,26.0357,1
-4703.1636,-28634.3926,24.9425,-5252.6069,-28084.4668,21.9624,-4709.3071,-28632.7539,25.7178,771.8813,0.0010,0.0012,-3.1382,0.7869,3.1416,-4703.2515,-28633.3008,26.0125,1
-4703.1636,-28634.3926,24.9425,-5252.6069,-28084.4668,21.9624,-4707.2651,-28634.9453,28.4778,774.8917,0.0008,0.0018,-3.1381,0.7860,-3.1416,-4703.4771,-28633.3027,26.0782,1
-4703.1636,-28634.3926,24.9425,-5252.6069,-28084.4668,21.9623,-4700.6382,-28635.0215,20.7931,779.6025,-0.0001,0.0002,-3.1381,0.7858,3.1416,-4703.4941,-28633.3125,25.9026,1
-4703.1636,-28634.3926,24.9425,-5252.6064,-28084.4668,21.9623,-4700.6953,-28642.9590,28.1844,785.2062,0.0010,0.0017,-3.1381,0.7856,3.1416,-4703.5039,-28633.5801,25.9528,1
-4703.1636,-28634.3926,24.9425,-5252.6064,-28084.4668,21.9622,-4709.2100,-28632.5039,25.6926,771.7720,0.0005,0.0012,-3.1380,0.7844,-3.1416,-4703.7788,-28633.5352,25.9290,1
-4703.1636,-28634.3926,24.9425,-5252.6064,-28084.4668,21.9622,-4704.7432,-28633.5156,23.2385,775.6329,-0.0000,0.0007,-3.1380,0.7841,3.1416,-4703.9170,-28633.5195,25.8261,1
-4703.1636,-28634.3926,24.9425,-5252.6064,-28084.4668,21.9622,-4700.2720,-28634.5000,20.7614,779.4933,-0.0006,0.0002,-3.1380,0.7838,3.1416,-4703.9106,-28633.5391,25.6392,1
-4703.1636,-28634.3926,24.9425,-5252.6064,-28084.4668,21.9621,-4703.2222,-28642.8496,28.1063,783.3541,0.0009,0.0017,-3.1379,0.7827,3.1416,-4703.9873,-28633.8242,25.6778,1
-4703.1636,-28634.3926,24.9425,-5252.6064,-28084.4668,21.9621,-4708.5840,-28631.7285,25.6861,771.6625,-0.0001,0.0013,-3.1379,0.7815,3.1416,-4704.2324,-28633.7754,25.6457,1
-4703.1636,-28634.3926,24.9425,-5252.6064,-28084.4668,21.9620,-4704.5986,-28633.2168,23.2424,775.5234,-0.0007,0.0008,-3.1379,0.7803,3.1416,-4704.3540,-28633.7695,25.5360,1
-4703.1636,-28634.3926,24.9425,-5252.6060,-28084.4668,21.9620,-4700.2900,-28634.3633,20.7778,779.3837,-0.0013,0.0003,-3.1379,0.7797,3.1416,-4704.3350,-28633.7988,25.3437,1
-4703.1636,-28634.3926,24.9425,-5252.6060,-28084.4668,21.9620,-4703.3843,-28642.8555,28.1354,783.2446,0.0002,0.0018,-3.1378,0.7783,3.1416,-4704.4023,-28634.0996,25.3786,1
-4703.1636,-28634.3926,24.9425,-5252.6060,-28084.4668,21.9620,-4703.9810,-28635.3945,21.6509,777.5016,-0.0009,0.0004,-3.1379,0.7776,3.1415,-4704.4839,-28634.1816,25.2132,1
-4703.1636,-28634.3926,24.9425,-5252.6060,-28084.4668,21.9620,-4698.8853,-28634.4023,23.4315,780.4053,-0.0019,0.0008,-3.1379,0.7769,3.1415,-4704.3975,-28634.2324,25.0992,1
-4703.1636,-28634.3926,24.9425,-5252.6060,-28084.4668,21.9620,-4700.2451,-28638.5996,23.0681,782.4091,-0.0012,0.0007,-3.1379,0.7762,3.1415,-4704.3403,-28634.4160,24.9720,1
-4703.1636,-28634.3926,24.9425,-5252.6060,-28084.4668,21.9620,-4702.2104,-28641.5449,28.1760,783.1352,-0.0007,0.0018,-3.1379,0.7748,3.1415,-4704.3350,-28634.7012,25.0059,1
-4703.1636,-28634.3926,24.9425,-5252.6060,-28084.4668,21.9620,-4705.2144,-28634.2305,23.0842,775.8058,-0.0015,0.0007,-3.1379,0.7740,3.1415,-4704.4189,-28634.7656,24.8857,1
-4703.1636,-28634.3926,24.9425,-5252.6060,-28084.4668,21.9620,-4702.8140,-28631.1191,23.2653,775.3046,-0.0024,0.0008,-3.1379,0.7732,3.1415,-4704.4253,-28634.7246,24.7694,1
-4703.1636,-28634.3926,24.9425,-5252.6060,-28084.4668,21.9620,-4704.9746,-28638.7207,20.8238,779.1650,-0.0010,0.0003,-3.1379,0.7734,3.1414,-4704.4961,-28634.9199,24.5739,1
-4703.1636,-28634.3926,24.9425,-5252.6060,-28084.4668,21.9620,-4700.7036,-28639.8965,28.1987,783.0259,-0.0015,0.0018,-3.1379,0.7727,3.1414,-4704.4297,-28635.1562,24.6087,1
-4703.1636,-28634.3926,24.9425,-5252.6060,-28084.4668,21.9620,-4705.8779,-28628.5605,25.6759,771.3347,-0.0024,0.0013,-3.1380,0.7728,3.1414,-4704.5190,-28635.0371,24.5738,1
-4703.1636,-28634.3926,24.9425,-5252.6060,-28084.4668,21.9620,-4700.7144,-28628.8438,23.2602,775.1956,-0.0029,0.0008,-3.1380,0.7737,3.1414,-4704.4434,-28634.9082,24.4656,1
-4703.1636,-28634.3926,24.9425,-5252.6060,-28084.4668,21.9620,-4696.7090,-28633.0957,25.2520,781.0383,-0.0028,0.0012,-3.1380,0.7744,3.1414,-4704.2310,-28634.9043,24.4210,1
-4703.1636,-28634.3926,24.9425,-5252.6060,-28084.4668,21.9620,-4698.1069,-28637.1504,28.1959,782.9169,-0.0021,0.0018,-3.1380,0.7741,3.1414,-4704.0464,-28635.0234,24.4744,1
-4703.1636,-28634.3926,24.9425,-5252.6060,-28084.4668,21.9621,-4704.7339,-28627.2539,25.6617,771.2256,-0.0024,0.0013,-3.1380,0.7751,3.1414,-4704.0605,-28634.8242,24.4576,1
-4703.1636,-28634.3926,24.9425,-5252.6060,-28084.4668,21.9621,-4705.9546,-28633.9512,23.2459,775.0864,-0.0009,0.0008,-3.1380,0.7769,3.1414,-4704.1157,-28634.8262,24.3672,1
-4703.1636,-28634.3926,24.9425,-5252.6064,-28084.4668,21.9621,-4700.7969,-28634.2520,20.8041,778.9469,-0.0015,0.0003,-3.1380,0.7779,3.1414,-4704.0093,-28634.8340,24.1979,1
-4703.1636,-28634.3926,24.9425,-5252.6064,-28084.4668,21.9621,-4695.3374,-28634.2031,28.1747,782.8077,-0.0020,0.0018,-3.1380,0.7793,3.1414,-4703.7222,-28634.8379,24.2590,1
-4703.1636,-28634.3926,24.9425,-5252.6064,-28084.4668,21.9621,-4703.3149,-28625.6621,25.6448,771.1165,-0.0018,0.0012,-3.1380,0.7817,3.1414,-4703.6724,-28634.5645,24.2506,1
-4703.1636,-28634.3926,24.9425,-5252.6064,-28084.4668,21.9621,-4703.8608,-28631.7051,23.2263,774.9774,-0.0003,0.0007,-3.1380,0.7847,3.1414,-4703.6401,-28634.4648,24.1687,1
-4703.1636,-28634.3926,24.9425,-5252.6064,-28084.4668,21.9621,-4695.3223,-28626.8145,28.0719,777.6469,-0.0018,0.0017,-3.1380,0.7879,3.1414,-4703.3354,-28634.2031,24.2424,1
-4703.1636,-28634.3926,24.9425,-5252.6064,-28084.4668,21.9621,-4701.9263,-28627.3906,28.3967,773.3348,-0.0003,0.0018,-3.1380,0.7909,3.1414,-4703.2266,-28633.9453,24.3371,1
-4703.1636,-28634.3926,24.9425,-5252.6069,-28084.4668,21.9621,-4708.8984,-28631.1172,25.6295,771.0074,0.0018,0.0012,-3.1380,0.7943,3.1415,-4703.3433,-28633.7930,24.3526,1
-4703.1636,-28634.3926,24.9425,-5252.6069,-28084.4668,21.9621,-4702.8936,-28630.5781,23.2074,774.8683,0.0013,0.0007,-3.1379,0.7968,3.1415,-4703.2793,-28633.6211,24.2934,1
-4703.1636,-28634.3926,24.9425,-5252.6069,-28084.4668,21.9621,-4696.5889,-28629.6836,20.7605,778.7286,0.0007,0.0002,-3.1379,0.7998,3.1416,-4703.0137,-28633.4160,24.1541,1
-4703.1636,-28634.3926,24.9425,-5252.6069,-28084.4668,21.9621,-4689.9624,-28628.3867,28.1236,782.5895,0.0002,0.0017,-3.1379,0.8034,3.1416,-4702.5259,-28633.1641,24.2443,1
-4703.1636,-28634.3926,24.9425,-5252.6074,-28084.4668,21.9621,-4708.1104,-28630.1777,25.6143,770.8983,0.0036,0.0012,-3.1379,0.8071,-3.1416,-4702.5957,-28632.9609,24.2644,1
-4703.1636,-28634.3926,24.9425,-5252.6074,-28084.4668,21.9621,-4698.7803,-28637.2285,21.0554,782.4761,0.0037,0.0003,-3.1378,0.8095,-3.1415,-4702.3799,-28632.9824,24.1419,1
-4703.1636,-28634.3926,24.9425,-5252.6074,-28084.4668,21.9621,-4695.4536,-28628.3672,20.7438,778.6195,0.0025,0.0002,-3.1378,0.8132,-3.1415,-4702.0527,-28632.7344,24.0031,1
-4703.1636,-28634.3926,24.9425,-5252.6074,-28084.4668,21.9621,-4696.0645,-28626.1348,26.8414,776.6347,0.0027,0.0015,-3.1378,0.8158,-3.1414,-4701.7339,-28632.4062,24.0542,1
-4703.1636,-28634.3926,24.9425,-5252.6074,-28084.4668,21.9621,-4697.5479,-28633.1738,24.4121,780.4951,0.0041,0.0010,-3.1377,0.8169,-3.1413,-4701.4556,-28632.2949,24.0344,1
-4703.1636,-28634.3926,24.9425,-5252.6074,-28084.4668,21.9621,-4699.0898,-28640.1973,21.9518,784.3560,0.0055,0.0005,-3.1377,0.8182,-3.1413,-4701.2231,-28632.4141,23.9379,1
-4703.1636,-28634.3926,24.9425,-5252.6074,-28084.4668,21.9621,-4704.2510,-28628.7754,29.2372,772.6647,0.0050,0.0020,-3.1377,0.8205,-3.1413,-4701.1572,-28632.1875,24.0730,1
-4703.1636,-28634.3926,24.9425,-5252.6074,-28084.4668,21.9621,-4698.3901,-28628.3594,26.8271,776.5256,0.0044,0.0015,-3.1377,0.8227,-3.1413,-4700.9146,-28631.9453,24.1420,1
-4703.1636,-28634.3926,24.9425,-5252.6074,-28084.4668,21.9621,-4704.7847,-28640.2461,24.3979,780.3860,0.0070,0.0010,-3.1376,0.8220,-3.1412,-4700.8765,-28632.0820,24.1392,1
-4703.1636,-28634.3926,24.9425,-5252.6074,-28084.4668,21.9621,-4699.5781,-28635.6152,28.7169,780.7956,0.0054,0.0019,-3.1375,0.8209,-3.1411,-4700.6855,-28632.0898,24.2755,1
-4703.1636,-28634.3926,24.9425,-5252.6074,-28084.4668,21.9621,-4708.1387,-28638.0371,29.0351,776.4838,0.0069,0.0019,-3.1376,0.8203,-3.1411,-4700.7729,-28632.1895,24.4328,1
-4703.1636,-28634.3926,24.9425,-5252.6074,-28084.4668,21.9621,-4703.2783,-28633.1426,26.8143,776.4164,0.0053,0.0015,-3.1376,0.8193,-3.1412,-4700.7246,-28632.1445,24.5283,1
-4703.1636,-28634.3926,24.9425,-5252.6074,-28084.4668,21.9621,-4705.0474,-28640.3535,24.3849,780.2772,0.0062,0.0010,-3.1376,0.8170,-3.1411,-4700.7422,-28632.3379,24.5499,1
-4703.1636,-28634.3926,24.9425,-5252.6069,-28084.4668,21.9621,-4702.6040,-28643.3691,21.9264,784.1376,0.0057,0.0005,-3.1375,0.8130,-3.1411,-4700.6943,-28632.6445,24.4919,1
-4703.1636,-28634.3926,24.9425,-5252.6069,-28084.4668,21.9621,-4711.1694,-28635.3535,29.2108,772.4468,0.0051,0.0020,-3.1375,0.8089,-3.1411,-4700.9321,-28632.7207,24.6621,1
-4703.1636,-28634.3926,24.9425,-5252.6069,-28084.4668,21.9621,-4717.3730,-28638.6855,21.0654,770.4763,0.0058,0.0003,-3.1376,0.8047,-3.1412,-4701.3979,-28632.9121,24.5776,1
-4703.1636,-28634.3926,24.9425,-5252.6064,-28084.4668,21.9621,-4706.7529,-28641.8770,24.3713,780.1681,0.0037,0.0010,-3.1376,0.7980,-3.1411,-4701.5532,-28633.2148,24.5919,1
-4703.1636,-28634.3926,24.9425,-5252.6064,-28084.4668,21.9621,-4705.5376,-28646.0879,21.9147,784.0284,0.0031,0.0005,-3.1376,0.7919,-3.1412,-4701.6812,-28633.6680,24.5266,1
-4703.1636,-28634.3926,24.9425,-5252.6060,-28084.4668,21.9621,-4716.1636,-28640.0684,29.1989,772.3376,0.0026,0.0020,-3.1376,0.7840,-3.1412,-4702.1626,-28633.9590,24.6896,1
-4703.1636,-28634.3926,24.9425,-5252.6060,-28084.4648,21.9621,-4722.7246,-28651.6445,26.7905,776.1980,0.0040,0.0015,-3.1377,0.7766,-3.1413,-4702.8833,-28634.6328,24.7837,1
-4703.1636,-28634.3926,24.9425,-5252.6055,-28084.4648,21.9621,-4707.1650,-28642.1270,24.3601,780.0589,-0.0010,0.0010,-3.1377,0.7680,-3.1414,-4703.1426,-28635.0312,24.8029,1
-4703.1636,-28634.3926,24.9425,-5252.6050,-28084.4648,21.9621,-4707.4780,-28647.8203,21.9048,783.9193,-0.0016,0.0005,-3.1378,0.7591,-3.1415,-4703.4160,-28635.6191,24.7419,1
-4703.1636,-28634.3926,24.9425,-5252.6050,-28084.4648,21.9621,-4718.6948,-28642.3496,29.1902,772.2285,-0.0021,0.0020,-3.1378,0.7501,-3.1415,-4704.0586,-28636.0566,24.9083,1
-4703.1636,-28634.3926,24.9425,-5252.6045,-28084.4648,21.9621,-4726.8691,-28655.3418,26.7843,776.0889,-0.0007,0.0015,-3.1379,0.7400,3.1416,-4704.9888,-28636.9180,25.0050,1
-4703.1636,-28634.3926,24.9425,-5252.6045,-28084.4648,21.9621,-4706.6616,-28641.4805,24.3485,779.9498,-0.0071,0.0010,-3.1380,0.7311,3.1415,-4705.3081,-28637.3633,25.0259,1
-4703.1636,-28634.3926,24.9425,-5252.6040,-28084.4648,21.9621,-4709.7720,-28647.3613,20.2619,781.9982,-0.0072,0.0001,-3.1381,0.7221,3.1413,-4705.7212,-28637.9961,24.9135,1
-4703.1636,-28634.3926,24.9425,-5252.6035,-28084.4629,21.9621,-4725.1494,-28648.3047,29.1810,772.1194,-0.0062,0.0020,-3.1381,0.7134,3.1412,-4706.6333,-28638.6719,25.0766,1
-4703.1636,-28634.3926,24.9425,-5252.6035,-28084.4629,21.9621,-4726.3130,-28654.6797,26.7763,775.9798,-0.0067,0.0015,-3.1382,0.7032,3.1412,-4707.6104,-28639.5625,25.1696,1
-4703.1636,-28634.3926,24.9425,-5252.6035,-28084.4629,21.9621,-4704.6528,-28639.3516,24.3345,779.8407,-0.0131,0.0010,-3.1383,0.6966,3.1410,-4707.9189,-28639.9766,25.1862,1
-4703.1636,-28634.3926,24.9425,-5252.6030,-28084.4629,21.9621,-4703.3657,-28643.5059,21.8793,783.7011,-0.0137,0.0005,-3.1384,0.6905,3.1409,-4708.1670,-28640.5098,25.1214,1
-4703.1636,-28634.3926,24.9425,-5252.6030,-28084.4629,21.9621,-4719.6138,-28642.9258,29.1647,772.0103,-0.0122,0.0020,-3.1385,0.6851,3.1408,-4708.9150,-28641.0176,25.2827,1
-4703.1636,-28634.3926,24.9425,-5252.6030,-28084.4629,21.9621,-4718.8354,-28647.5371,26.7575,775.8707,-0.0128,0.0015,-3.1385,0.6783,3.1408,-4709.6470,-28641.6641,25.3731,1
-4703.1636,-28634.3926,24.9425,-5252.6030,-28084.4629,21.9621,-4701.0039,-28635.5703,24.3166,779.7315,-0.0173,0.0010,-3.1386,0.6770,3.1406,-4709.8115,-28641.9238,25.3866,1
-4703.1636,-28634.3926,24.9425,-5252.6030,-28084.4629,21.9621,-4696.5557,-28636.5781,21.8556,783.5919,-0.0179,0.0005,-3.1387,0.6766,3.1404,-4709.8027,-28642.1895,25.3179,1
-4703.1636,-28634.3926,24.9425,-5252.6030,-28084.4629,21.9621,-4710.0586,-28633.4941,29.1365,771.9011,-0.0164,0.0020,-3.1387,0.6762,3.1404,-4710.1821,-28642.3242,25.4745,1
-4703.1636,-28634.3926,24.9425,-5252.6030,-28084.4629,21.9621,-4705.0386,-28633.9746,26.7240,775.7615,-0.0170,0.0015,-3.1387,0.6769,3.1404,-4710.3872,-28642.4434,25.5595,1
-4703.1636,-28634.3926,24.9425,-5252.6035,-28084.4629,21.9621,-4702.0693,-28627.3945,28.4860,773.2371,-0.0173,0.0018,-3.1388,0.6834,3.1403,-4710.4722,-28642.3164,25.7026,1
-4703.1636,-28634.3926,24.9425,-5252.6035,-28084.4629,21.9621,-4693.7373,-28633.5684,21.8333,783.4827,-0.0163,0.0005,-3.1389,0.6918,3.1402,-4710.2646,-28642.3516,25.6367,1
-4703.1636,-28634.3926,24.9425,-5252.6040,-28084.4648,21.9620,-4695.5747,-28618.6367,29.1023,771.7919,-0.0169,0.0020,-3.1388,0.7004,3.1402,-4710.0625,-28641.8672,25.7943,1
-4703.1636,-28634.3926,24.9425,-5252.6045,-28084.4648,21.9620,-4685.3916,-28613.5117,26.6852,775.6523,-0.0174,0.0015,-3.1388,0.7108,3.1403,-4709.4941,-28641.1621,25.8791,1
-4703.1636,-28634.3926,24.9425,-5252.6050,-28084.4648,21.9620,-4692.1450,-28621.8047,26.1729,776.4414,-0.0128,0.0014,-3.1388,0.7261,3.1402,-4709.0850,-28640.6602,25.9473,1
-4703.1636,-28634.3926,24.9425,-5252.6055,-28084.4648,21.9620,-4683.2681,-28622.5449,21.8144,783.3734,-0.0111,0.0005,-3.1388,0.7437,3.1402,-4708.3555,-28640.1406,25.8748,1
-4703.1636,-28634.3926,24.9425,-5252.6064,-28084.4668,21.9620,-4680.3711,-28602.1543,29.0836,771.6826,-0.0117,0.0020,-3.1388,0.7620,3.1403,-4707.4639,-28638.9141,26.0252,1
-4703.1636,-28634.3926,24.9425,-5252.6069,-28084.4668,21.9620,-4665.2065,-28590.8398,26.6714,775.5430,-0.0122,0.0015,-3.1387,0.7824,3.1404,-4706.0283,-28637.2480,26.1025,1
-4703.1636,-28634.3926,24.9425,-5252.6079,-28084.4688,21.9620,-4686.1108,-28619.7734,24.2699,779.4039,-0.0014,0.0010,-3.1386,0.8049,3.1406,-4705.1846,-28636.4219,26.1019,1
-4703.1636,-28634.3926,24.9425,-5252.6089,-28084.4688,21.9621,-4675.6167,-28614.1719,21.8186,783.2643,0.0000,0.0005,-3.1384,0.8284,3.1408,-4703.9751,-28635.3926,26.0175,1
-4703.1636,-28634.3926,24.9425,-5252.6099,-28084.4688,21.9621,-4669.3066,-28589.4844,29.0998,771.5735,-0.0005,0.0020,-3.1383,0.8540,3.1410,-4702.4951,-28633.5195,26.1563,1
-4703.1636,-28634.3926,24.9425,-5252.6108,-28084.4707,21.9621,-4650.7847,-28573.4375,26.7014,775.4338,-0.0011,0.0015,-3.1382,0.8818,3.1412,-4700.3643,-28631.0527,26.2224,1
-4703.1636,-28634.3926,24.9425,-5252.6118,-28084.4707,21.9621,-4690.3716,-28624.0879,24.2738,779.2950,0.0162,0.0010,-3.1379,0.9078,3.1415,-4699.4194,-28630.1152,26.2099,1
-4703.1636,-28634.3926,24.9425,-5252.6128,-28084.4727,21.9621,-4668.9531,-28608.0000,27.7290,784.0690,0.0150,0.0017,-3.1376,0.9337,-3.1412,-4697.7954,-28628.6758,26.3022,1
-4703.1636,-28634.3926,24.9425,-5252.6133,-28084.4727,21.9622,-4664.8242,-28584.0918,29.1281,771.4645,0.0151,0.0020,-3.1374,0.9612,-3.1409,-4695.9819,-28626.4297,26.4421,1
-4703.1636,-28634.3926,24.9425,-5252.6143,-28084.4727,21.9622,-4645.8159,-28567.0781,26.7438,775.3250,0.0145,0.0015,-3.1372,0.9903,-3.1406,-4693.5186,-28623.5801,26.5089,1
-4703.1636,-28634.3926,24.9425,-5252.6152,-28084.4746,21.9622,-4691.9746,-28625.5957,24.2630,779.1862,0.0333,0.0009,-3.1367,1.0120,-3.1399,-4692.4692,-28622.5254,26.4947,1
-4703.1636,-28634.3926,24.9425,-5252.6157,-28084.4746,21.9622,-4676.1934,-28614.4766,21.8240,783.0466,0.0327,0.0004,-3.1362,1.0328,-3.1392,-4690.9482,-28621.1582,26.3962,1
-4703.1636,-28634.3926,24.9425,-5252.6162,-28084.4746,21.9622,-4675.2896,-28599.0723,25.1859,773.3828,0.0335,0.0011,-3.1358,1.0534,-3.1388,-4689.3940,-28619.3125,26.3932,1
-4703.1636,-28634.3926,24.9425,-5252.6172,-28084.4766,21.9623,-4663.1797,-28587.9727,26.7185,775.2162,0.0336,0.0014,-3.1356,1.0749,-3.1385,-4687.4546,-28617.1055,26.4358,1
-4703.1636,-28634.3926,24.9425,-5252.6172,-28084.4766,21.9622,-4696.2749,-28631.6133,25.8722,780.3109,0.0460,0.0013,-3.1348,1.0827,-3.1376,-4686.5649,-28616.2793,26.4509,1
-4703.1636,-28634.3926,24.9425,-5252.6172,-28084.4766,21.9622,-4690.3794,-28629.3457,21.7557,782.9378,0.0459,0.0004,-3.1343,1.0897,-3.1369,-4685.5454,-28615.4551,26.3322,1
-4703.1636,-28634.3926,24.9425,-5252.6172,-28084.4766,21.9622,-4694.1079,-28616.3125,29.0150,771.2469,0.0454,0.0019,-3.1340,1.0950,-3.1366,-4684.6978,-28614.2871,26.4357,1
-4703.1636,-28634.3926,24.9425,-5252.6167,-28084.4766,21.9621,-4693.9507,-28621.7559,26.5757,775.1074,0.0468,0.0014,-3.1340,1.0992,-3.1366,-4683.9009,-28613.3379,26.4652,1
-4703.1636,-28634.3926,24.9425,-5252.6162,-28084.4746,21.9621,0.0000,0.0000,0.0000,0.0000,0.0000,0.0000,-3.1335,1.0877,-3.1360,0.0000,0.0000,0.0000,1
-4703.1636,-28634.3926,24.9425,-5252.6152,-28084.4746,21.9620,0.0000,0.0000,0.0000,0.0000,0.0000,0.0000,-3.1332,1.0723,-3.1357,0.0000,0.0000,0.0000,0
-4703.1636,-28634.3926,24.9425,-5252.6143,-28084.4746,21.9619,0.0000,0.0000,0.0000,0.0000,0.0000,0.0000,-3.1333,1.0528,-3.1358,0.0000,0.0000,0.0000,0
-4703.1636,-28634.3926,24.9425,-5252.6128,-28084.4727,21.9619,0.0000,0.0000,0.0000,0.0000,0.0000,0.0000,-3.1336,1.0296,-3.1362,0.0000,0.0000,0.0000,0
-4703.1636,-28634.3926,24.9425,-5252.6113,-28084.4727,21.9618,0.0000,0.0000,0.0000,778.8578,0.0389,0.0010,-3.1337,0.9931,-3.1363,0.0000,0.0000,0.0000,0
-4703.1636,-28634.3926,24.9425,-5252.6099,-28084.4707,21.9618,-4741.7383,-28677.4805,21.5728,782.7181,0.0383,0.0005,-3.1339,0.9518,-3.1366,-4741.7383,-28677.4805,21.5728,1
-4703.1636,-28634.3926,24.9425,-5252.6079,-28084.4688,21.9617,-4782.1440,-28695.2969,28.7644,771.0273,0.0397,0.0020,-3.1344,0.9061,-3.1372,-4743.0483,-28678.0586,21.8060,1
-4703.1636,-28634.3926,24.9425,-5252.6060,-28084.4668,21.9617,-4807.5586,-28724.4355,29.4895,779.5341,0.0393,0.0021,-3.1349,0.8544,-3.1378,-4745.2441,-28679.6016,22.0750,1
-4703.1636,-28634.3926,24.9425,-5252.6040,-28084.4648,21.9618,-4716.2749,-28649.0879,24.2181,778.7480,0.0108,0.0010,-3.1362,0.8273,-3.1396,-4744.6406,-28678.8223,22.1901,1
-4703.1636,-28634.3926,24.9425,-5252.6025,-28084.4629,21.9618,-4713.5332,-28651.8105,21.8524,782.6085,0.0102,0.0005,-3.1379,0.8240,3.1412,-4743.8828,-28678.0625,22.2322,1
-4703.1636,-28634.3926,24.9425,-5252.6016,-28084.4629,21.9619,-4727.7144,-28649.0547,29.2021,770.9177,0.0116,0.0020,-3.1390,0.8221,3.1398,-4743.4971,-28677.1426,22.5099,1
-4703.1636,-28634.3926,24.9425,-5252.6006,-28084.4609,21.9619,-4723.8853,-28650.7871,26.8447,774.7781,0.0111,0.0015,-3.1395,0.8208,3.1392,-4742.9517,-28676.2207,22.7231,1
-4703.1636,-28634.3926,24.9425,-5252.6006,-28084.4609,21.9620,-4701.0781,-28634.0996,24.2161,778.6394,0.0052,0.0010,-3.1396,0.8197,3.1391,-4741.6333,-28674.7168,22.8577,1
-4703.1636,-28634.3926,24.9425,-5252.6001,-28084.4609,21.9620,-4719.2524,-28640.6445,25.3353,770.5874,0.0048,0.0012,-3.1388,0.7948,3.1403,-4740.8027,-28673.3281,23.0290,1
-4703.1636,-28634.3926,24.9425,-5252.6001,-28084.4609,21.9621,-4744.2979,-28663.8867,29.0879,770.8090,0.0061,0.0020,-3.1379,0.7583,3.1415,-4740.7422,-28672.6328,23.3240,1
-4703.1636,-28634.3926,24.9425,-5252.5996,-28084.4590,21.9621,-4763.5332,-28685.2188,26.6688,774.6694,0.0055,0.0015,-3.1375,0.7179,-3.1410,-4741.3149,-28672.6211,23.5491,1
-4703.1636,-28634.3926,24.9425,-5252.5991,-28084.4590,21.9622,-4712.7622,-28645.4277,24.1973,778.5307,-0.0114,0.0009,-3.1379,0.6946,-3.1415,-4740.3071,-28671.3711,23.6972,1
-4703.1636,-28634.3926,24.9425,-5252.5981,-28084.4570,21.9622,-4728.0093,-28664.9258,21.7797,782.3911,-0.0100,0.0004,-3.1383,0.6723,3.1411,-4739.7344,-28670.7051,23.7649,1
-4703.1636,-28634.3926,24.9425,-5252.5977,-28084.4570,21.9622,-4747.8721,-28666.8574,29.0838,770.7004,-0.0105,0.0019,-3.1386,0.6480,3.1408,-4739.7817,-28670.1016,24.0599,1
-4703.1636,-28634.3926,24.9425,-5252.5972,-28084.4570,21.9623,-4758.0146,-28680.5410,26.7073,774.5607,-0.0111,0.0014,-3.1387,0.6231,3.1407,-4740.1797,-28669.9492,24.2841,1
-4703.1636,-28634.3926,24.9425,-5252.5972,-28084.4570,21.9623,-4710.9224,-28643.5000,24.1743,778.4221,-0.0267,0.0009,-3.1388,0.6018,3.1405,-4739.1069,-28668.6445,24.4273,1
-4703.1636,-28634.3926,24.9425,-5252.5967,-28084.4551,21.9623,-4725.6694,-28662.6562,21.7404,782.2825,-0.0253,0.0004,-3.1389,0.5803,3.1403,-4738.4536,-28667.9160,24.4873,1
-4703.1636,-28634.3926,24.9425,-5252.5962,-28084.4551,21.9623,-4744.7271,-28663.9727,29.0214,770.5916,-0.0258,0.0019,-3.1390,0.5573,3.1403,-4738.3931,-28667.2363,24.7714,1
-4703.1636,-28634.3926,24.9425,-5252.5962,-28084.4551,21.9623,-4753.6729,-28676.7695,26.6252,774.4520,-0.0264,0.0014,-3.1390,0.5343,3.1402,-4738.6426,-28666.9805,24.9821,1
-4703.1636,-28634.3926,24.9425,-5252.5957,-28084.4551,21.9623,-4710.9917,-28643.4160,24.1382,778.3133,-0.0391,0.0009,-3.1393,0.5242,3.1398,-4737.5591,-28665.6934,25.1111,1
-4703.1636,-28634.3926,24.9425,-5252.5957,-28084.4551,21.9622,-4711.9810,-28649.7285,21.6726,782.1736,-0.0396,0.0004,-3.1394,0.5142,3.1395,-4736.4604,-28664.5781,25.1543,1
-4703.1636,-28634.3926,24.9425,-5252.5957,-28084.4551,21.9622,-4722.8325,-28643.8789,28.9236,770.4828,-0.0402,0.0019,-3.1395,0.5057,3.1394,-4735.6597,-28663.2578,25.4185,1
-4703.1636,-28634.3926,24.9425,-5252.5957,-28084.4551,21.9622,-4722.0562,-28648.4785,26.4955,774.3433,-0.0407,0.0014,-3.1395,0.4989,3.1393,-4734.8198,-28662.0664,25.6065,1
-4703.1636,-28634.3926,24.9425,-5252.5962,-28084.4551,21.9621,-4700.9243,-28633.3262,24.0857,778.2039,-0.0449,0.0009,-3.1397,0.5057,3.1389,-4733.2891,-28660.3848,25.7138,1
-4703.1636,-28634.3926,24.9425,-5252.5967,-28084.4570,21.9621,-4691.6055,-28629.3574,21.5750,782.0643,-0.0455,0.0004,-3.1398,0.5142,3.1387,-4731.4111,-28658.5488,25.7325,1
-4703.1636,-28634.3926,24.9425,-5252.5972,-28084.4570,21.9620,-4693.9482,-28619.6699,28.0166,773.6724,-0.0447,0.0018,-3.1398,0.5259,3.1387,-4729.5278,-28656.3555,25.9439,1
-4703.1636,-28634.3926,24.9425,-5252.5981,-28084.4590,21.9619,-4686.0488,-28612.1406,26.3381,774.2338,-0.0446,0.0014,-3.1397,0.5408,3.1387,-4727.3359,-28653.8711,26.1009,1
-4703.1636,-28634.3926,24.9425,-5252.5991,-28084.4590,21.9619,-4688.9106,-28620.8223,24.0414,778.0940,-0.0385,0.0010,-3.1399,0.5685,3.1385,-4725.1802,-28651.6191,26.1799,1
-4703.1636,-28634.3926,24.9425,-5252.6001,-28084.4609,21.9618,-4667.1938,-28602.8770,21.5004,781.9543,-0.0390,0.0004,-3.1399,0.6008,3.1383,-4722.2881,-28648.7695,26.1685,1
-4703.1636,-28634.3926,24.9425,-5252.6016,-28084.4629,21.9618,-4655.7939,-28571.3828,28.6926,770.2635,-0.0396,0.0019,-3.1399,0.6378,3.1383,-4718.9165,-28644.8223,26.3737,1
-4703.1636,-28634.3926,24.9425,-5252.6035,-28084.4648,21.9618,-4637.2031,-28554.0820,26.2425,774.1239,-0.0381,0.0014,-3.1398,0.6794,3.1385,-4714.8589,-28640.2168,26.5003,1
-4703.1636,-28634.3926,24.9425,-5252.6050,-28084.4668,21.9618,-4676.9038,-28607.7520,24.0375,777.9841,-0.0166,0.0010,-3.1398,0.7286,3.1385,-4711.9697,-28637.2207,26.5512,1
-4703.1636,-28634.3926,24.9425,-5252.6074,-28084.4688,21.9618,-4655.0972,-28574.3496,22.7960,772.6577,-0.0161,0.0007,-3.1397,0.7829,3.1387,-4708.3477,-28633.1387,26.5516,1
-4703.1636,-28634.3926,24.9425,-5252.6094,-28084.4707,21.9619,-4617.4419,-28539.6855,22.0607,781.4444,-0.0171,0.0006,-3.1395,0.8414,3.1390,-4703.4844,-28627.9102,26.5177,1
-4703.1636,-28634.3926,24.9425,-5252.6118,-28084.4727,21.9620,-4591.6421,-28501.4785,21.5129,781.5194,-0.0165,0.0005,-3.1393,0.9044,3.1394,-4697.6763,-28621.3457,26.4531,1
-4703.1636,-28634.3926,24.9425,-5252.6143,-28084.4746,21.9621,-4669.2236,-28599.0098,24.0978,777.8755,0.0190,0.0009,-3.1389,0.9672,3.1401,-4694.1929,-28617.7227,26.4572,1
-4703.1636,-28634.3926,24.9425,-5252.6172,-28084.4766,21.9622,-4631.2798,-28558.8750,21.6950,781.7360,0.0184,0.0004,-3.1384,1.0344,3.1408,-4689.5308,-28612.8770,26.3770,1
-4703.1636,-28634.3926,24.9425,-5252.6201,-28084.4785,21.9624,-4613.4121,-28513.8301,29.0562,770.0452,0.0199,0.0019,-3.1378,1.1041,-3.1415,-4684.2251,-28606.5254,26.5211,1
-4703.1636,-28634.3926,24.9425,-5252.6226,-28084.4805,21.9625,-4580.6245,-28468.3203,26.7989,773.9056,0.0193,0.0014,-3.1369,1.1731,-3.1402,-4677.8135,-28598.6250,26.5955,1
-4703.1636,-28634.3926,24.9425,-5252.6250,-28084.4824,21.9626,0.0000,0.0000,0.0000,0.0000,0.0000,0.0000,-3.1347,1.2276,-3.1374,0.0000,0.0000,0.0000,1
-4703.1636,-28634.3926,24.9425,-5252.6274,-28084.4824,21.9627,0.0000,0.0000,0.0000,0.0000,0.0000,0.0000,-3.1322,1.2814,-3.1345,0.0000,0.0000,0.0000,0
-4703.1636,-28634.3926,24.9425,-5252.6294,-28084.4844,21.9628,0.0000,0.0000,0.0000,0.0000,0.0000,0.0000,-3.1294,1.3359,-3.1313,0.0000,0.0000,0.0000,0
-4703.1636,-28634.3926,24.9425,-5252.6313,-28084.4863,21.9628,0.0000,0.0000,0.0000,0.0000,0.0000,0.0000,-3.1253,1.3898,-3.1270,0.0000,0.0000,0.0000,0
-4703.1636,-28634.3926,24.9425,-5252.6318,-28084.4863,21.9628,0.0000,0.0000,0.0000,0.0000,0.0000,0.0000,-3.1184,1.4214,-3.1197,0.0000,0.0000,0.0000,0
-4703.1636,-28634.3926,24.9425,-5252.6323,-28084.4883,21.9627,0.0000,0.0000,0.0000,0.0000,0.0000,0.0000,-3.1100,1.4469,-3.1109,0.0000,0.0000,0.0000,0
-4703.1636,-28634.3926,24.9425,-5252.6328,-28084.4883,21.9626,0.0000,0.0000,0.0000,0.0000,0.0000,0.0000,-3.1007,1.4690,-3.1015,0.0000,0.0000,0.0000,0
-4703.1636,-28634.3926,24.9425,-5252.6323,-28084.4883,21.9624,0.0000,0.0000,0.0000,0.0000,0.0000,0.0000,-3.0895,1.4894,-3.0905,0.0000,0.0000,0.0000,0
-4703.1636,-28634.3926,24.9425,-5252.6323,-28084.4883,21.9623,0.0000,0.0000,0.0000,0.0000,0.0000,0.0000,-3.0603,1.5230,-3.0617,0.0000,0.0000,0.0000,0
-4703.1636,-28634.3926,24.9425,-5252.6313,-28084.4863,21.9621,0.0000,0.0000,0.0000,0.0000,0.0000,0.0000,-3.0342,1.5327,-3.0355,0.0000,0.0000,0.0000,0
-4703.1636,-28634.3926,24.9425,-5252.6299,-28084.4863,21.9619,0.0000,0.0000,0.0000,0.0000,0.0000,0.0000,-3.0179,1.5355,-3.0193,0.0000,0.0000,0.0000,0
-4703.1636,-28634.3926,24.9425,-5252.6289,-28084.4863,21.9617,0.0000,0.0000,0.0000,0.0000,0.0000,0.0000,-3.0071,1.5378,-3.0085,0.0000,0.0000,0.0000,0
-4703.1636,-28634.3926,24.9425,-5252.6274,-28084.4844,21.9616,0.0000,0.0000,0.0000,7599.1890,-0.0469,-0.0004,-3.0010,1.5398,-3.0028,0.0000,0.0000,0.0000,0
-4703.1636,-28634.3926,24.9425,-5252.6260,-28084.4844,21.9614,2134.5005,-26147.8809,-27.7570,7636.9224,-0.0454,-0.0009,-2.9980,1.5415,-3.0000,2134.5005,-26147.8809,-27.7570,1
-4703.1636,-28634.3926,24.9425,-5252.6245,-28084.4824,21.9613,2161.4763,-26101.7676,42.2346,7674.6616,-0.0460,0.0006,-2.9967,1.5430,-2.9989,2134.7703,-26147.4199,-27.0571,1
-4703.1636,-28634.3926,24.9425,-5252.6230,-28084.4824,21.9613,2041.6490,-26096.2773,16.3886,7560.3828,-0.0465,0.0001,-2.9963,1.5443,-2.9987,2133.8657,-26146.8633,-26.5534,1
-4703.1636,-28634.3926,24.9425,-5252.6221,-28084.4805,21.9613,2106.0002,-26192.0020,-1.2574,7598.1147,-0.0441,-0.0002,-2.9965,1.5454,-2.9991,2133.5215,-26147.2188,-26.1882,1
-4703.1636,-28634.3926,24.9425,-5252.6206,-28084.4805,21.9613,2072.2173,-26163.8066,-36.2854,7572.6929,-0.0446,-0.0010,-2.9969,1.5465,-2.9997,2132.8154,-26147.3320,-26.1520,1
-4703.1636,-28634.3926,24.9425,-5252.6196,-28084.4785,21.9613,2085.7659,-26179.1250,53.0822,7581.7671,-0.0441,0.0009,-2.9976,1.5474,-3.0004,2132.1914,-26147.6152,-25.2326,1
-4703.1636,-28634.3926,24.9425,-5252.6187,-28084.4785,21.9614,2042.9437,-26105.0996,19.9895,7559.3096,-0.0457,0.0003,-2.9983,1.5482,-3.0012,2131.0989,-26147.1875,-24.5751,1
-4703.1636,-28634.3926,24.9425,-5252.6177,-28084.4766,21.9615,1758.3539,-26019.7402,2.2644,7308.7109,-0.0490,-0.0001,-2.9989,1.5490,-3.0018,2127.0833,-26145.8672,-24.0568,1
-4703.1636,-28634.3926,24.9425,-5252.6182,-28084.4766,21.9616,1727.5731,-25798.8789,-24.4641,7345.0127,-0.0496,-0.0006,-0.4554,1.5653,-0.4587,2122.4312,-26142.2266,-23.7846,1
-4703.1636,-28634.3926,24.9425,-5252.6187,-28084.4766,21.9619,1650.2854,-25470.3887,41.0406,7381.3188,-0.0501,0.0009,-0.0349,1.5237,-0.0386,2116.6580,-26134.9922,-22.8608,1
-4703.1636,-28634.3926,24.9425,-5252.6201,-28084.4766,21.9621,1443.5255,-25249.9453,16.3262,7271.3784,-0.0487,0.0004,-0.0120,1.4762,-0.0158,2108.4084,-26124.9629,-22.1295,1
-4703.1636,-28634.3926,24.9425,-5252.6216,-28084.4766,21.9624,1642.8566,-25664.9102,3.7956,7307.6841,-0.0306,0.0001,-0.0063,1.4258,-0.0099,2101.5698,-26118.3066,-21.4923,1
-4703.1636,-28634.3926,24.9425,-5252.6240,-28084.4766,21.9627,1521.5669,-25248.4727,-17.1198,7343.9858,-0.0312,-0.0004,-0.0041,1.3703,-0.0075,2093.1279,-26107.1016,-21.0454,1
-4703.1636,-28634.3926,24.9425,-5252.6265,-28084.4785,21.9630,1361.4910,-24810.1660,55.1546,7380.2925,-0.0317,0.0011,-0.0032,1.3105,-0.0062,2082.5984,-26090.7637,-19.8763,1
-4703.1636,-28634.3926,24.9425,-5252.6294,-28084.4785,21.9632,1070.4607,-24496.1074,34.6590,7270.3516,-0.0303,0.0006,-0.0026,1.2449,-0.0054,2068.5425,-26070.1699,-18.8488,1
-4703.1636,-28634.3926,24.9425,-5252.6323,-28084.4805,21.9634,1582.2362,-25501.5176,5.4188,7306.6680,0.0060,-0.0000,-0.0022,1.1720,-0.0046,2058.7468,-26058.2637,-18.0704,1
-4703.1636,-28634.3926,24.9425,-5252.6357,-28084.4824,21.9636,1385.0576,-24944.5957,-14.3863,7342.9702,0.0054,-0.0005,-0.0020,1.0950,-0.0041,2046.6010,-26040.3477,-17.4744,1
-4703.1636,-28634.3926,24.9425,-5252.6392,-28084.4844,21.9637,1062.2445,-24530.7051,15.8602,7246.1812,0.0065,0.0000,-0.0022,1.0171,-0.0038,2030.6869,-26017.3770,-16.5788,1
-4703.1636,-28634.3926,24.9425,-5252.6426,-28084.4863,21.9638,782.0580,-24031.6719,40.0830,7269.3350,0.0063,0.0005,-0.0025,0.9398,-0.0036,2011.1615,-25988.1602,-15.4175,1
-4703.1636,-28634.3926,24.9425,-5252.6455,-28084.4883,21.9637,0.0000,0.0000,0.0000,0.0000,0.0000,0.0000,-0.0031,0.8749,-0.0036,0.0000,0.0000,0.0000,1
-4703.1636,-28634.3926,24.9425,-5252.6475,-28084.4902,21.9636,0.0000,0.0000,0.0000,0.0000,0.0000,0.0000,-0.0035,0.8096,-0.0035,0.0000,0.0000,0.0000,0
-4703.1636,-28634.3926,24.9425,-5252.6499,-28084.4922,21.9634,0.0000,0.0000,0.0000,0.0000,0.0000,0.0000,-0.0037,0.7440,-0.0034,0.0000,0.0000,0.0000,0
-4703.1636,-28634.3926,24.9425,-5252.6519,-28084.4922,21.9632,0.0000,0.0000,0.0000,0.0000,0.0000,0.0000,-0.0039,0.6793,-0.0033,0.0000,0.0000,0.0000,0
-4703.1636,-28634.3926,24.9425,-5252.6519,-28084.4941,21.9628,0.0000,0.0000,0.0000,0.0000,0.0000,0.0000,-0.0044,0.6365,-0.0035,0.0000,0.0000,0.0000,0
-4703.1636,-28634.3926,24.9425,-5252.6514,-28084.4941,21.9624,0.0000,0.0000,0.0000,0.0000,0.0000,0.0000,-0.0048,0.5983,-0.0037,0.0000,0.0000,0.0000,0
-4703.1636,-28634.3926,24.9425,-5252.6509,-28084.4941,21.9620,0.0000,0.0000,0.0000,0.0000,0.0000,0.0000,-0.0050,0.5620,-0.0039,0.0000,0.0000,0.0000,0
-4703.1636,-28634.3926,24.9425,-5252.6504,-28084.4941,21.9617,0.0000,0.0000,0.0000,0.0000,0.0000,0.0000,-0.0051,0.5264,-0.0041,0.0000,0.0000,0.0000,0
-4703.1636,-28634.3926,24.9425,-5252.6499,-28084.4961,21.9613,0.0000,0.0000,0.0000,0.0000,0.0000,0.0000,-0.0050,0.4866,-0.0042,0.0000,0.0000,0.0000,0
-4703.1636,-28634.3926,24.9425,-5252.6479,-28084.4941,21.9610,0.0000,0.0000,0.0000,0.0000,0.0000,0.0000,-0.0052,0.4724,-0.0045,0.0000,0.0000,0.0000,0
-4703.1636,-28634.3926,24.9425,-5252.6450,-28084.4941,21.9606,0.0000,0.0000,0.0000,0.0000,0.0000,0.0000,-0.0054,0.4685,-0.0048,0.0000,0.0000,0.0000,0
-4703.1636,-28634.3926,24.9425,-5252.6426,-28084.4922,21.9603,0.0000,0.0000,0.0000,0.0000,0.0000,0.0000,-0.0055,0.4653,-0.0051,0.0000,0.0000,0.0000,0
-4703.1636,-28634.3926,24.9425,-5252.6401,-28084.4902,21.9601,0.0000,0.0000,0.0000,0.0000,0.0000,0.0000,-0.0055,0.4625,-0.0054,0.0000,0.0000,0.0000,0
-4703.1636,-28634.3926,24.9425,-5252.6377,-28084.4902,21.9600,0.0000,0.0000,0.0000,0.0000,0.0000,0.0000,-0.0053,0.4601,-0.0056,0.0000,0.0000,0.0000,0
-4703.1636,-28634.3926,24.9425,-5252.6357,-28084.4883,21.9599,0.0000,0.0000,0.0000,0.0000,0.0000,0.0000,-0.0051,0.4581,-0.0057,0.0000,0.0000,0.0000,0
-4703.1636,-28634.3926,24.9425,-5252.6338,-28084.4863,21.9599,0.0000,0.0000,0.0000,0.0000,0.0000,0.0000,-0.0049,0.4562,-0.0057,0.0000,0.0000,0.0000,0
-4703.1636,-28634.3926,24.9425,-5252.6323,-28084.4844,21.9600,0.0000,0.0000,0.0000,0.0000,0.0000,0.0000,-0.0047,0.4546,-0.0057,0.0000,0.0000,0.0000,0
-4703.1636,-28634.3926,24.9425,-5252.6304,-28084.4844,21.9601,0.0000,0.0000,0.0000,0.0000,0.0000,0.0000,-0.0045,0.4531,-0.0056,0.0000,0.0000,0.0000,0
-4703.1636,-28634.3926,24.9425,-5252.6294,-28084.4824,21.9603,0.0000,0.0000,0.0000,0.0000,0.0000,0.0000,-0.0042,0.4518,-0.0055,0.0000,0.0000,0.0000,0
-4703.1636,-28634.3926,24.9425,-5252.6279,-28084.4805,21.9605,0.0000,0.0000,0.0000,0.0000,0.0000,0.0000,-0.0040,0.4506,-0.0053,0.0000,0.0000,0.0000,0
-4703.1636,-28634.3926,24.9425,-5252.6270,-28084.4805,21.9607,0.0000,0.0000,0.0000,0.0000,0.0000,0.0000,-0.0038,0.4495,-0.0051,0.0000,0.0000,0.0000,0
-4703.1636,-28634.3926,24.9425,-5252.6265,-28084.4785,21.9610,0.0000,0.0000,0.0000,0.0000,0.0000,0.0000,-0.0036,0.4485,-0.0049,0.0000,0.0000,0.0000,0
-4703.1636,-28634.3926,24.9425,-5252.6255,-28084.4766,21.9612,0.0000,0.0000,0.0000,0.0000,0.0000,0.0000,-0.0035,0.4475,-0.0047,0.0000,0.0000,0.0000,0
-4703.1636,-28634.3926,24.9425,-5252.6250,-28084.4766,21.9614,0.0000,0.0000,0.0000,0.0000,0.0000,0.0000,-0.0033,0.4467,-0.0045,0.0000,0.0000,0.0000,0
-4703.1636,-28634.3926,24.9425,-5252.6245,-28084.4746,21.9616,0.0000,0.0000,0.0000,0.0000,0.0000,0.0000,-0.0032,0.4459,-0.0044,0.0000,0.0000,0.0000,0
-4703.1636,-28634.3926,24.9425,-5252.6235,-28084.4746,21.9618,0.0000,0.0000,0.0000,0.0000,0.0000,0.0000,-0.0031,0.4451,-0.0042,0.0000,0.0000,0.0000,0
-4703.1636,-28634.3926,24.9425,-5252.6230,-28084.4746,21.9620,0.0000,0.0000,0.0000,0.0000,0.0000,0.0000,-0.0030,0.4444,-0.0041,0.0000,0.0000,0.0000,0
-4703.1636,-28634.3926,24.9425,-5252.6230,-28084.4727,21.9621,0.0000,0.0000,0.0000,0.0000,0.0000,0.0000,-0.0029,0.4438,-0.0040,0.0000,0.0000,0.0000,0
-4703.1636,-28634.3926,24.9425,-5252.6226,-28084.4727,21.9622,0.0000,0.0000,0.0000,0.0000,0.0000,0.0000,-0.0028,0.4432,-0.0039,0.0000,0.0000,0.0000,0
-4703.1636,-28634.3926,24.9425,-5252.6221,-28084.4727,21.9622,0.0000,0.0000,0.0000,0.0000,0.0000,0.0000,-0.0028,0.4426,-0.0038,0.0000,0.0000,0.0000,0
-4703.1636,-28634.3926,24.9425,-5252.6216,-28084.4707,21.9623,0.0000,0.0000,0.0000,0.0000,0.0000,0.0000,-0.0028,0.4421,-0.0037,0.0000,0.0000,0.0000,0
-4703.1636,-28634.3926,24.9425,-5252.6211,-28084.4707,21.9623,0.0000,0.0000,0.0000,0.0000,0.0000,0.0000,-0.0028,0.4416,-0.0037,0.0000,0.0000,0.0000,0
-4703.1636,-28634.3926,24.9425,-5252.6206,-28084.4707,21.9623,0.0000,0.0000,0.0000,0.0000,0.0000,0.0000,-0.0028,0.4411,-0.0037,0.0000,0.0000,0.0000,0
-4703.1636,-28634.3926,24.9425,-5252.6206,-28084.4707,21.9623,0.0000,0.0000,0.0000,0.0000,0.0000,0.0000,-0.0028,0.4407,-0.0037,0.0000,0.0000,0.0000,0
-4703.1636,-28634.3926,24.9425,-5252.6201,-28084.4707,21.9622,0.0000,0.0000,0.0000,0.0000,0.0000,0.0000,-0.0029,0.4403,-0.0037,0.0000,0.0000,0.0000,0
-4703.1636,-28634.3926,24.9425,-5252.6196,-28084.4707,21.9622,0.0000,0.0000,0.0000,0.0000,0.0000,0.0000,-0.0029,0.4399,-0.0038,0.0000,0.0000,0.0000,0
-4703.1636,-28634.3926,24.9425,-5252.6191,-28084.4707,21.9622,0.0000,0.0000,0.0000,0.0000,0.0000,0.0000,-0.0030,0.4395,-0.0038,0.0000,0.0000,0.0000,0
-4703.1636,-28634.3926,24.9425,-5252.6191,-28084.4688,21.9621,0.0000,0.0000,0.0000,0.0000,0.0000,0.0000,-0.0030,0.4392,-0.0038,0.0000,0.0000,0.0000,0
-4703.1636,-28634.3926,24.9425,-5252.6187,-28084.4688,21.9620,0.0000,0.0000,0.0000,0.0000,0.0000,0.0000,-0.0030,0.4388,-0.0039,0.0000,0.0000,0.0000,0
-4703.1636,-28634.3926,24.9425,-5252.6182,-28084.4688,21.9620,0.0000,0.0000,0.0000,0.0000,0.0000,0.0000,-0.0031,0.4385,-0.0039,0.0000,0.0000,0.0000,0
-4703.1636,-28634.3926,24.9425,-5252.6182,-28084.4688,21.9619,0.0000,0.0000,0.0000,0.0000,0.0000,0.0000,-0.0031,0.4382,-0.0040,0.0000,0.0000,0.0000,0
-4703.1636,-28634.3926,24.9425,-5252.6177,-28084.4688,21.9619,0.0000,0.0000,0.0000,0.0000,0.0000,0.0000,-0.0032,0.4380,-0.0040,0.0000,0.0000,0.0000,0
-4703.1636,-28634.3926,24.9425,-5252.6172,-28084.4688,21.9618,0.0000,0.0000,0.0000,0.0000,0.0000,0.0000,-0.0032,0.4377,-0.0040,0.0000,0.0000,0.0000,0
-4703.1636,-28634.3926,24.9425,-5252.6172,-28084.4688,21.9618,0.0000,0.0000,0.0000,0.0000,0.0000,0.0000,-0.0032,0.4374,-0.0041,0.0000,0.0000,0.0000,0
-4703.1636,-28634.3926,24.9425,-5252.6167,-28084.4688,21.9618,0.0000,0.0000,0.0000,0.0000,0.0000,0.0000,-0.0032,0.4372,-0.0041,0.0000,0.0000,0.0000,0
-4703.1636,-28634.3926,24.9425,-5252.6167,-28084.4688,21.9617,0.0000,0.0000,0.0000,0.0000,0.0000,0.0000,-0.0033,0.4370,-0.0041,0.0000,0.0000,0.0000,0
-4703.1636,-28634.3926,24.9425,-5252.6162,-28084.4688,21.9617,0.0000,0.0000,0.0000,0.0000,0.0000,0.0000,-0.0033,0.4368,-0.0041,0.0000,0.0000,0.0000,0
-4703.1636,-28634.3926,24.9425,-5252.6162,-28084.4688,21.9617,0.0000,0.0000,0.0000,0.0000,0.0000,0.0000,-0.0033,0.4366,-0.0041,0.0000,0.0000,0.0000,0
-4703.1636,-28634.3926,24.9425,-5252.6157,-28084.4688,21.9617,0.0000,0.0000,0.0000,0.0000,0.0000,0.0000,-0.0033,0.4364,-0.0042,0.0000,0.0000,0.0000,0
-4703.1636,-28634.3926,24.9425,-5252.6157,-28084.4688,21.9617,0.0000,0.0000,0.0000,0.0000,0.0000,0.0000,-0.0033,0.4362,-0.0042,0.0000,0.0000,0.0000,0
-4703.1636,-28634.3926,24.9425,-5252.6157,-28084.4688,21.9617,0.0000,0.0000,0.0000,0.0000,0.0000,0.0000,-0.0033,0.4360,-0.0042,0.0000,0.0000,0.0000,0
-4703.1636,-28634.3926,24.9425,-5252.6152,-28084.4688,21.9617,0.0000,0.0000,0.0000,0.0000,0.0000,0.0000,-0.0033,0.4359,-0.0041,0.0000,0.0000,0.0000,0
-4703.1636,-28634.3926,24.9425,-5252.6152,-28084.4688,21.9617,0.0000,0.0000,0.0000,0.0000,0.0000,0.0000,-0.0033,0.4357,-0.0041,0.0000,0.0000,0.0000,0
-4703.1636,-28634.3926,24.9425,-5252.6152,-28084.4688,21.9617,0.0000,0.0000,0.0000,0.0000,0.0000,0.0000,-0.0033,0.4355,-0.0041,0.0000,0.0000,0.0000,0
-4703.1636,-28634.3926,24.9425,-5252.6147,-28084.4688,21.9617,0.0000,0.0000,0.0000,0.0000,0.0000,0.0000,-0.0033,0.4354,-0.0041,0.0000,0.0000,0.0000,0
-4703.1636,-28634.3926,24.9425,-5252.6147,-28084.4688,21.9618,0.0000,0.0000,0.0000,0.0000,0.0000,0.0000,-0.0033,0.4353,-0.0041,0.0000,0.0000,0.0000,0
-4703.1636,-28634.3926,24.9425,-5252.6147,-28084.4688,21.9618,0.0000,0.0000,0.0000,0.0000,0.0000,0.0000,-0.0033,0.4352,-0.0041,0.0000,0.0000,0.0000,0
-4703.1636,-28634.3926,24.9425,-5252.6147,-28084.4688,21.9618,0.0000,0.0000,0.0000,0.0000,0.0000,0.0000,-0.0032,0.4350,-0.0041,0.0000,0.0000,0.0000,0
-4703.1636,-28634.3926,24.9425,-5252.6143,-28084.4688,21.9618,0.0000,0.0000,0.0000,0.0000,0.0000,0.0000,-0.0032,0.4349,-0.0041,0.0000,0.0000,0.0000,0
-4703.1636,-28634.3926,24.9425,-5252.6143,-28084.4668,21.9618,0.0000,0.0000,0.0000,0.0000,0.0000,0.0000,-0.0032,0.4348,-0.0041,0.0000,0.0000,0.0000,0
-4703.1636,-28634.3926,24.9425,-5252.6143,-28084.4668,21.9618,0.0000,0.0000,0.0000,0.0000,0.0000,0.0000,-0.0032,0.4347,-0.0040,0.0000,0.0000,0.0000,0
-4703.1636,-28634.3926,24.9425,-5252.6143,-28084.4668,21.9618,0.0000,0.0000,0.0000,0.0000,0.0000,0.0000,-0.0032,0.4346,-0.0040,0.0000,0.0000,0.0000,0
-4703.1636,-28634.3926,24.9425,-5252.6143,-28084.4668,21.9618,0.0000,0.0000,0.0000,0.0000,0.0000,0.0000,-0.0032,0.4345,-0.0040,0.0000,0.0000,0.0000,0
-4703.1636,-28634.3926,24.9425,-5252.6138,-28084.4668,21.9618,0.0000,0.0000,0.0000,0.0000,0.0000,0.0000,-0.0032,0.4344,-0.0040,0.0000,0.0000,0.0000,0
-4703.1636,-28634.3926,24.9425,-5252.6138,-28084.4668,21.9618,0.0000,0.0000,0.0000,0.0000,0.0000,0.0000,-0.0032,0.4344,-0.0040,0.0000,0.0000,0.0000,0
-4703.1636,-28634.3926,24.9425,-5252.6138,-28084.4668,21.9618,0.0000,0.0000,0.0000,0.0000,0.0000,0.0000,-0.0032,0.4343,-0.0040,0.0000,0.0000,0.0000,0
-4703.1636,-28634.3926,24.9425,-5252.6138,-28084.4668,21.9618,0.0000,0.0000,0.0000,0.0000,0.0000,0.0000,-0.0032,0.4342,-0.0040,0.0000,0.0000,0.0000,0
-4703.1636,-28634.3926,24.9425,-5252.6138,-28084.4668,21.9618,0.0000,0.0000,0.0000,0.0000,0.0000,0.0000,-0.0032,0.4341,-0.0040,0.0000,0.0000,0.0000,0
-4703.1636,-28634.3926,24.9425,-5252.6133,-28084.4668,21.9618,0.0000,0.0000,0.0000,0.0000,0.0000,0.0000,-0.0032,0.4341,-0.0040,0.0000,0.0000,0.0000,0
-4703.1636,-28634.3926,24.9425,-5252.6133,-28084.4668,21.9618,0.0000,0.0000,0.0000,0.0000,0.0000,0.0000,-0.0032,0.4340,-0.0040,0.0000,0.0000,0.0000,0
-4703.1636,-28634.3926,24.9425,-5252.6133,-28084.4668,21.9618,0.0000,0.0000,0.0000,0.0000,0.0000,0.0000,-0.0032,0.4339,-0.0040,0.0000,0.0000,0.0000,0
-4703.1636,-28634.3926,24.9425,-5252.6133,-28084.4668,21.9618,0.0000,0.0000,0.0000,0.0000,0.0000,0.0000,-0.0032,0.4339,-0.0040,0.0000,0.0000,0.0000,0
-4703.1636,-28634.3926,24.9425,-5252.6133,-28084.4668,21.9618,0.0000,0.0000,0.0000,0.0000,0.0000,0.0000,-0.0032,0.4338,-0.0040,0.0000,0.0000,0.0000,0
-4703.1636,-28634.3926,24.9425,-5252.6133,-28084.4668,21.9618,0.0000,0.0000,0.0000,0.0000,0.0000,0.0000,-0.0032,0.4338,-0.0040,0.0000,0.0000,0.0000,0
-4703.1636,-28634.3926,24.9425,-5252.6128,-28084.4668,21.9618,0.0000,0.0000,0.0000,0.0000,0.0000,0.0000,-0.0032,0.4337,-0.0040,0.0000,0.0000,0.0000,0
-4703.1636,-28634.3926,24.9425,-5252.6128,-28084.4668,21.9618,0.0000,0.0000,0.0000,0.0000,0.0000,0.0000,-0.0032,0.4337,-0.0040,0.0000,0.0000,0.0000,0
-4703.1636,-28634.3926,24.9425,-5252.6128,-28084.4668,21.9618,0.0000,0.0000,0.0000,0.0000,0.0000,0.0000,-0.0032,0.4336,-0.0040,0.0000,0.0000,0.0000,0
-4703.1636,-28634.3926,24.9425,-5252.6128,-28084.4668,21.9618,0.0000,0.0000,0.0000,0.0000,0.0000,0.0000,-0.0032,0.4336,-0.0040,0.0000,0.0000,0.0000,0
-4703.1636,-28634.3926,24.9425,-5252.6128,-28084.4668,21.9618,0.0000,0.0000,0.0000,0.0000,0.0000,0.0000,-0.0032,0.4335,-0.0040,0.0000,0.0000,0.0000,0
-4703.1636,-28634.3926,24.9425,-5252.6128,-28084.4668,21.9618,0.0000,0.0000,0.0000,0.0000,0.0000,0.0000,-0.0032,0.4335,-0.0040,0.0000,0.0000,0.0000,0
-4703.1636,-28634.3926,24.9425,-5252.6128,-28084.4668,21.9618,0.0000,0.0000,0.0000,0.0000,0.0000,0.0000,-0.0032,0.4335,-0.0040,0.0000,0.0000,0.0000,0
-4703.1636,-28634.3926,24.9425,-5252.6128,-28084.4668,21.9618,0.0000,0.0000,0.0000,0.0000,0.0000,0.0000,-0.0032,0.4334,-0.0040,0.0000,0.0000,0.0000,0
-4703.1636,-28634.3926,24.9425,-5252.6123,-28084.4668,21.9618,0.0000,0.0000,0.0000,0.0000,0.0000,0.0000,-0.0032,0.4334,-0.0040,0.0000,0.0000,0.0000,0
-4703.1636,-28634.3926,24.9425,-5252.6123,-28084.4668,21.9618,0.0000,0.0000,0.0000,0.0000,0.0000,0.0000,-0.0032,0.4334,-0.0040,0.0000,0.0000,0.0000,0
-4703.1636,-28634.3926,24.9425,-5252.6123,-28084.4668,21.9618,0.0000,0.0000,0.0000,0.0000,0.0000,0.0000,-0.0032,0.4333,-0.0040,0.0000,0.0000,0.0000,0
-4703.1636,-28634.3926,24.9425,-5252.6123,-28084.4668,21.9618,0.0000,0.0000,0.0000,0.0000,0.0000,0.0000,-0.0032,0.4333,-0.0040,0.0000,0.0000,0.0000,0
-4703.1636,-28634.3926,24.9425,-5252.6123,-28084.4668,21.9618,0.0000,0.0000,0.0000,0.0000,0.0000,0.0000,-0.0032,0.4333,-0.0040,0.0000,0.0000,0.0000,0
-4703.1636,-28634.3926,24.9425,-5252.6123,-28084.4668,21.9618,0.0000,0.0000,0.0000,0.0000,0.0000,0.0000,-0.0032,0.4333,-0.0040,0.0000,0.0000,0.0000,0
-4703.1636,-28634.3926,24.9425,-5252.6123,-28084.4668,21.9618,0.0000,0.0000,0.0000,0.0000,0.0000,0.0000,-0.0032,0.4332,-0.0040,0.0000,0.0000,0.0000,0
-4703.1636,-28634.3926,24.9425,-5252.6123,-28084.4668,21.9618,0.0000,0.0000,0.0000,0.0000,0.0000,0.0000,-0.0032,0.4332,-0.0040,0.0000,0.0000,0.0000,0
-4703.1636,-28634.3926,24.9425,-5252.6123,-28084.4668,21.9618,0.0000,0.0000,0.0000,0.0000,0.0000,0.0000,-0.0032,0.4332,-0.0040,0.0000,0.0000,0.0000,0
-4703.1636,-28634.3926,24.9425,-5252.6123,-28084.4668,21.9618,0.0000,0.0000,0.0000,0.0000,0.0000,0.0000,-0.0032,0.4332,-0.0040,0.0000,0.0000,0.0000,0
-4703.1636,-28634.3926,24.9425,-5252.6118,-28084.4668,21.9618,0.0000,0.0000,0.0000,0.0000,0.0000,0.0000,-0.0032,0.4332,-0.0040,0.0000,0.0000,0.0000,0
-4703.1636,-28634.3926,24.9425,-5252.6118,-28084.4668,21.9618,0.0000,0.0000,0.0000,0.0000,0.0000,0.0000,-0.0032,0.4331,-0.0040,0.0000,0.0000,0.0000,0
-4703.1636,-28634.3926,24.9425,-5252.6118,-28084.4668,21.9618,0.0000,0.0000,0.0000,0.0000,0.0000,0.0000,-0.0032,0.4331,-0.0040,0.0000,0.0000,0.0000,0
-4703.1636,-28634.3926,24.9425,-5252.6118,-28084.4668,21.9618,0.0000,0.0000,0.0000,0.0000,0.0000,0.0000,-0.0032,0.4331,-0.0040,0.0000,0.0000,0.0000,0
-4703.1636,-28634.3926,24.9425,-5252.6118,-28084.4668,21.9618,0.0000,0.0000,0.0000,0.0000,0.0000,0.0000,-0.0032,0.4331,-0.0040,0.0000,0.0000,0.0000,0
-4703.1636,-28634.3926,24.9425,-5252.6118,-28084.4668,21.9618,0.0000,0.0000,0.0000,0.0000,0.0000,0.0000,-0.0032,0.4331,-0.0040,0.0000,0.0000,0.0000,0
-4703.1636,-28634.3926,24.9425,-5252.6118,-28084.4668,21.9618,0.0000,0.0000,0.0000,0.0000,0.0000,0.0000,-0.0032,0.4331,-0.0040,0.0000,0.0000,0.0000,0
-4703.1636,-28634.3926,24.9425,-5252.6118,-28084.4668,21.9618,0.0000,0.0000,0.0000,0.0000,0.0000,0.0000,-0.0032,0.4331,-0.0040,0.0000,0.0000,0.0000,0
-4703.1636,-28634.3926,24.9425,-5252.6118,-28084.4668,21.9618,0.0000,0.0000,0.0000,0.0000,0.0000,0.0000,-0.0032,0.4330,-0.0040,0.0000,0.0000,0.0000,0
-4703.1636,-28634.3926,24.9425,-5252.6118,-28084.4688,21.9618,0.0000,0.0000,0.0000,0.0000,0.0000,0.0000,-0.0032,0.4330,-0.0040,0.0000,0.0000,0.0000,0
-4703.1636,-28634.3926,24.9425,-5252.6118,-28084.4688,21.9618,0.0000,0.0000,0.0000,0.0000,0.0000,0.0000,-0.0032,0.4330,-0.0040,0.0000,0.0000,0.0000,0
-4703.1636,-28634.3926,24.9425,-5252.6118,-28084.4688,21.9618,0.0000,0.0000,0.0000,0.0000,0.0000,0.0000,-0.0032,0.4330,-0.0040,0.0000,0.0000,0.0000,0
-4703.1636,-28634.3926,24.9425,-5252.6118,-28084.4688,21.9618,0.0000,0.0000,0.0000,0.0000,0.0000,0.0000,-0.0032,0.4330,-0.0040,0.0000,0.0000,0.0000,0
-4703.1636,-28634.3926,24.9425,-5252.6113,-28084.4688,21.9618,0.0000,0.0000,0.0000,0.0000,0.0000,0.0000,-0.0032,0.4330,-0.0040,0.0000,0.0000,0.0000,0
-4703.1636,-28634.3926,24.9425,-5252.6113,-28084.4688,21.9618,0.0000,0.0000,0.0000,0.0000,0.0000,0.0000,-0.0032,0.4330,-0.0040,0.0000,0.0000,0.0000,0
-4703.1636,-28634.3926,24.9425,-5252.6113,-28084.4688,21.9618,0.0000,0.0000,0.0000,0.0000,0.0000,0.0000,-0.0032,0.4330,-0.0040,0.0000,0.0000,0.0000,0
-4703.1636,-28634.3926,24.9425,-5252.6113,-28084.4688,21.9618,0.0000,0.0000,0.0000,0.0000,0.0000,0.0000,-0.0032,0.4330,-0.0040,0.0000,0.0000,0.0000,0
-4703.1636,-28634.3926,24.9425,-5252.6113,-28084.4688,21.9618,0.0000,0.0000,0.0000,0.0000,0.0000,0.0000,-0.0032,0.4330,-0.0040,0.0000,0.0000,0.0000,0
-4703.1636,-28634.3926,24.9425,-5252.6113,-28084.4688,21.9618,0.0000,0.0000,0.0000,0.0000,0.0000,0.0000,-0.0032,0.4329,-0.0040,0.0000,0.0000,0.0000,0
-4703.1636,-28634.3926,24.9425,-5252.6113,-28084.4688,21.9618,0.0000,0.0000,0.0000,0.0000,0.0000,0.0000,-0.0032,0.4329,-0.0040,0.0000,0.0000,0.0000,0
-4703.1636,-28634.3926,24.9425,-5252.6113,-28084.4688,21.9618,0.0000,0.0000,0.0000,0.0000,0.0000,0.0000,-0.0032,0.4329,-0.0040,0.0000,0.0000,0.0000,0
-4703.1636,-28634.3926,24.9425,-5252.6113,-28084.4688,21.9618,0.0000,0.0000,0.0000,0.0000,0.0000,0.0000,-0.0032,0.4329,-0.0040,0.0000,0.0000,0.0000,0
-4703.1636,-28634.3926,24.9425,-5252.6113,-28084.4688,21.9618,0.0000,0.0000,0.0000,0.0000,0.0000,0.0000,-0.0032,0.4329,-0.0040,0.0000,0.0000,0.0000,0
-4703.1636,-28634.3926,24.9425,-5252.6113,-28084.4688,21.9618,0.0000,0.0000,0.0000,0.0000,0.0000,0.0000,-0.0032,0.4329,-0.0040,0.0000,0.0000,0.0000,0
-4703.1636,-28634.3926,24.9425,-5252.6113,-28084.4688,21.9618,0.0000,0.0000,0.0000,0.0000,0.0000,0.0000,-0.0032,0.4329,-0.0040,0.0000,0.0000,0.0000,0
-4703.1636,-28634.3926,24.9425,-5252.6113,-28084.4688,21.9618,0.0000,0.0000,0.0000,0.0000,0.0000,0.0000,-0.0032,0.4329,-0.0040,0.0000,0.0000,0.0000,0
-4703.1636,-28634.3926,24.9425,-5252.6113,-28084.4688,21.9618,0.0000,0.0000,0.0000,0.0000,0.0000,0.0000,-0.0032,0.4329,-0.0040,0.0000,0.0000,0.0000,0
-4703.1636,-28634.3926,24.9425,-5252.6113,-28084.4688,21.9618,0.0000,0.0000,0.0000,0.0000,0.0000,0.0000,-0.0032,0.4329,-0.0040,0.0000,0.0000,0.0000,0
-4703.1636,-28634.3926,24.9425,-5252.6113,-28084.4688,21.9618,0.0000,0.0000,0.0000,0.0000,0.0000,0.0000,-0.0032,0.4329,-0.0040,0.0000,0.0000,0.0000,0
-4703.1636,-28634.3926,24.9425,-5252.6113,-28084.4688,21.9618,0.0000,0.0000,0.0000,0.0000,0.0000,0.0000,-0.0032,0.4329,-0.0040,0.0000,0.0000,0.0000,0
-4703.1636,-28634.3926,24.9425,-5252.6108,-28084.4688,21.9618,0.0000,0.0000,0.0000,0.0000,0.0000,0.0000,-0.0032,0.4329,-0.0040,0.0000,0.0000,0.0000,0
-4703.1636,-28634.3926,24.9425,-5252.6108,-28084.4688,21.9618,0.0000,0.0000,0.0000,0.0000,0.0000,0.0000,-0.0032,0.4329,-0.0040,0.0000,0.0000,0.0000,0
-4703.1636,-28634.3926,24.9425,-5252.6108,-28084.4688,21.9618,0.0000,0.0000,0.0000,0.0000,0.0000,0.0000,-0.0032,0.4329,-0.0040,0.0000,0.0000,0.0000,0
-4703.1636,-28634.3926,24.9425,-5252.6108,-28084.4688,21.9618,0.0000,0.0000,0.0000,0.0000,0.0000,0.0000,-0.0032,0.4329,-0.0040,0.0000,0.0000,0.0000,0
-4703.1636,-28634.3926,24.9425,-5252.6108,-28084.4688,21.9618,0.0000,0.0000,0.0000,0.0000,0.0000,0.0000,-0.0032,0.4329,-0.0040,0.0000,0.0000,0.0000,0
-4703.1636,-28634.3926,24.9425,-5252.6108,-28084.4688,21.9618,0.0000,0.0000,0.0000,0.0000,0.0000,0.0000,-0.0032,0.4329,-0.0040,0.0000,0.0000,0.0000,0
-4703.1636,-28634.3926,24.9425,-5252.6108,-28084.4688,21.9618,0.0000,0.0000,0.0000,0.0000,0.0000,0.0000,-0.0032,0.4329,-0.0040,0.0000,0.0000,0.0000,0
-4703.1636,-28634.3926,24.9425,-5252.6108,-28084.4688,21.9618,0.0000,0.0000,0.0000,0.0000,0.0000,0.0000,-0.0032,0.4329,-0.0040,0.0000,0.0000,0.0000,0
-4703.1636,-28634.3926,24.9425,-5252.6108,-28084.4688,21.9618,0.0000,0.0000,0.0000,0.0000,0.0000,0.0000,-0.0032,0.4329,-0.0040,0.0000,0.0000,0.0000,0
-4703.1636,-28634.3926,24.9425,-5252.6108,-28084.4688,21.9618,0.0000,0.0000,0.0000,0.0000,0.0000,0.0000,-0.0032,0.4329,-0.0040,0.0000,0.0000,0.0000,0
-4703.1636,-28634.3926,24.9425,-5252.6108,-28084.4688,21.9618,0.0000,0.0000,0.0000,0.0000,0.0000,0.0000,-0.0032,0.4329,-0.0040,0.0000,0.0000,0.0000,0
-4703.1636,-28634.3926,24.9425,-5252.6108,-28084.4688,21.9618,0.0000,0.0000,0.0000,0.0000,0.0000,0.0000,-0.0032,0.4329,-0.0040,0.0000,0.0000,0.0000,0
-4703.1636,-28634.3926,24.9425,-5252.6108,-28084.4688,21.9618,0.0000,0.0000,0.0000,0.0000,0.0000,0.0000,-0.0032,0.4329,-0.0040,0.0000,0.0000,0.0000,0
-4703.1636,-28634.3926,24.9425,-5252.6108,-28084.4688,21.9618,0.0000,0.0000,0.0000,0.0000,0.0000,0.0000,-0.0032,0.4329,-0.0040,0.0000,0.0000,0.0000,0
-4703.1636,-28634.3926,24.9425,-5252.6108,-28084.4688,21.9618,0.0000,0.0000,0.0000,0.0000,0.0000,0.0000,-0.0032,0.4329,-0.0040,0.0000,0.0000,0.0000,0
-4703.1636,-28634.3926,24.9425,-5252.6108,-28084.4688,21.9618,0.0000,0.0000,0.0000,0.0000,0.0000,0.0000,-0.0032,0.4328,-0.0040,0.0000,0.0000,0.0000,0
-4703.1636,-28634.3926,24.9425,-5252.6108,-28084.4688,21.9618,0.0000,0.0000,0.0000,0.0000,0.0000,0.0000,-0.0032,0.4328,-0.0040,0.0000,0.0000,0.0000,0
-4703.1636,-28634.3926,24.9425,-5252.6108,-28084.4688,21.9618,0.0000,0.0000,0.0000,0.0000,0.0000,0.0000,-0.0032,0.4328,-0.0040,0.0000,0.0000,0.0000,0
-4703.1636,-28634.3926,24.9425,-5252.6108,-28084.4688,21.9618,0.0000,0.0000,0.0000,0.0000,0.0000,0.0000,-0.0032,0.4328,-0.0040,0.0000,0.0000,0.0000,0
-4703.1636,-28634.3926,24.9425,-5252.6108,-28084.4688,21.9618,0.0000,0.0000,0.0000,0.0000,0.0000,0.0000,-0.0032,0.4328,-0.0040,0.0000,0.0000,0.0000,0
-4703.1636,-28634.3926,24.9425,-5252.6108,-28084.4688,21.9618,0.0000,0.0000,0.0000,0.0000,0.0000,0.0000,-0.0032,0.4328,-0.0040,0.0000,0.0000,0.0000,0
-4703.1636,-28634.3926,24.9425,-5252.6108,-28084.4688,21.9618,0.0000,0.0000,0.0000,0.0000,0.0000,0.0000,-0.0032,0.4328,-0.0040,0.0000,0.0000,0.0000,0
-4703.1636,-28634.3926,24.9425,-5252.6108,-28084.4688,21.9618,0.0000,0.0000,0.0000,0.0000,0.0000,0.0000,-0.0032,0.4328,-0.0040,0.0000,0.0000,0.0000,0
-4703.1636,-28634.3926,24.9425,-5252.6108,-28084.4688,21.9618,0.0000,0.0000,0.0000,0.0000,0.0000,0.0000,-0.0032,0.4328,-0.0040,0.0000,0.0000,0.0000,0
-4703.1636,-28634.3926,24.9425,-5252.6104,-28084.4688,21.9618,0.0000,0.0000,0.0000,0.0000,0.0000,0.0000,-0.0032,0.4328,-0.0040,0.0000,0.0000,0.0000,0
-4703.1636,-28634.3926,24.9425,-5252.6104,-28084.4688,21.9618,0.0000,0.0000,0.0000,0.0000,0.0000,0.0000,-0.0032,0.4328,-0.0040,0.0000,0.0000,0.0000,0
-4703.1636,-28634.3926,24.9425,-5252.6104,-28084.4688,21.9618,0.0000,0.0000,0.0000,0.0000,0.0000,0.0000,-0.0032,0.4328,-0.0040,0.0000,0.0000,0.0000,0
-4703.1636,-28634.3926,24.9425,-5252.6104,-28084.4688,21.9618,0.0000,0.0000,0.0000,0.0000,0.0000,0.0000,-0.0032,0.4328,-0.0040,0.0000,0.0000,0.0000,0
-4703.1636,-28634.3926,24.9425,-5252.6104,-28084.4688,21.9618,0.0000,0.0000,0.0000,0.0000,0.0000,0.0000,-0.0032,0.4328,-0.0040,0.0000,0.0000,0.0000,0
-4703.1636,-28634.3926,24.9425,-5252.6104,-28084.4688,21.9618,0.0000,0.0000,0.0000,0.0000,0.0000,0.0000,-0.0032,0.4328,-0.0040,0.0000,0.0000,0.0000,0
-4703.1636,-28634.3926,24.9425,-5252.6104,-28084.4688,21.9618,0.0000,0.0000,0.0000,0.0000,0.0000,0.0000,-0.0032,0.4328,-0.0040,0.0000,0.0000,0.0000,0
-4703.1636,-28634.3926,24.9425,-5252.6104,-28084.4688,21.9618,0.0000,0.0000,0.0000,0.0000,0.0000,0.0000,-0.0032,0.4328,-0.0040,0.0000,0.0000,0.0000,0
-4703.1636,-28634.3926,24.9425,-5252.6104,-28084.4688,21.9618,0.0000,0.0000,0.0000,0.0000,0.0000,0.0000,-0.0032,0.4328,-0.0040,0.0000,0.0000,0.0000,0
-4703.1636,-28634.3926,24.9425,-5252.6104,-28084.4688,21.9618,0.0000,0.0000,0.0000,0.0000,0.0000,0.0000,-0.0032,0.4328,-0.0040,0.0000,0.0000,0.0000,0
-4703.1636,-28634.3926,24.9425,-5252.6104,-28084.4688,21.9618,0.0000,0.0000,0.0000,0.0000,0.0000,0.0000,-0.0032,0.4328,-0.0040,0.0000,0.0000,0.0000,0
-4703.1636,-28634.3926,24.9425,-5252.6104,-28084.4688,21.9618,0.0000,0.0000,0.0000,0.0000,0.0000,0.0000,-0.0032,0.4328,-0.0040,0.0000,0.0000,0.0000,0
-4703.1636,-28634.3926,24.9425,-5252.6104,-28084.4688,21.9618,0.0000,0.0000,0.0000,0.0000,0.0000,0.0000,-0.0032,0.4328,-0.0040,0.0000,0.0000,0.0000,0
-4703.1636,-28634.3926,24.9425,-5252.6104,-28084.4688,21.9618,0.0000,0.0000,0.0000,0.0000,0.0000,0.0000,-0.0032,0.4328,-0.0040,0.0000,0.0000,0.0000,0
-4703.1636,-28634.3926,24.9425,-5252.6104,-28084.4688,21.9618,0.0000,0.0000,0.0000,0.0000,0.0000,0.0000,-0.0032,0.4328,-0.0040,0.0000,0.0000,0.0000,0
-4703.1636,-28634.3926,24.9425,-5252.6104,-28084.4688,21.9618,0.0000,0.0000,0.0000,0.0000,0.0000,0.0000,-0.0032,0.4328,-0.0040,0.0000,0.0000,0.0000,0
-4703.1636,-28634.3926,24.9425,-5252.6104,-28084.4688,21.9618,0.0000,0.0000,0.0000,0.0000,0.0000,0.0000,-0.0032,0.4328,-0.0040,0.0000,0.0000,0.0000,0
-4703.1636,-28634.3926,24.9425,-5252.6104,-28084.4688,21.9618,0.0000,0.0000,0.0000,0.0000,0.0000,0.0000,-0.0032,0.4328,-0.0040,0.0000,0.0000,0.0000,0
-4703.1636,-28634.3926,24.9425,-5252.6104,-28084.4688,21.9618,0.0000,0.0000,0.0000,0.0000,0.0000,0.0000,-0.0032,0.4328,-0.0040,0.0000,0.0000,0.0000,0
-4703.1636,-28634.3926,24.9425,-5252.6104,-28084.4688,21.9618,0.0000,0.0000,0.0000,0.0000,0.0000,0.0000,-0.0032,0.4328,-0.0040,0.0000,0.0000,0.0000,0
-4703.1636,-28634.3926,24.9425,-5252.6104,-28084.4688,21.9618,0.0000,0.0000,0.0000,0.0000,0.0000,0.0000,-0.0032,0.4328,-0.0040,0.0000,0.0000,0.0000,0
-4703.1636,-28634.3926,24.9425,-5252.6104,-28084.4688,21.9618,0.0000,0.0000,0.0000,0.0000,0.0000,0.0000,-0.0032,0.4328,-0.0040,0.0000,0.0000,0.0000,0
-4703.1636,-28634.3926,24.9425,-5252.6104,-28084.4688,21.9618,0.0000,0.0000,0.0000,0.0000,0.0000,0.0000,-0.0032,0.4328,-0.0040,0.0000,0.0000,0.0000,0
-4703.1636,-28634.3926,24.9425,-5252.6104,-28084.4688,21.9618,0.0000,0.0000,0.0000,0.0000,0.0000,0.0000,-0.0032,0.4328,-0.0040,0.0000,0.0000,0.0000,0
-4703.1636,-28634.3926,24.9425,-5252.6104,-28084.4688,21.9618,0.0000,0.0000,0.0000,0.0000,0.0000,0.0000,-0.0032,0.4328,-0.0040,0.0000,0.0000,0.0000,0
-4703.1636,-28634.3926,24.9425,-5252.6104,-28084.4688,21.9618,0.0000,0.0000,0.0000,0.0000,0.0000,0.0000,-0.0032,0.4328,-0.0040,0.0000,0.0000,0.0000,0
-4703.1636,-28634.3926,24.9425,-5252.6104,-28084.4688,21.9618,0.0000,0.0000,0.0000,0.0000,0.0000,0.0000,-0.0032,0.4328,-0.0040,0.0000,0.0000,0.0000,0
-4703.1636,-28634.3926,24.9425,-5252.6104,-28084.4688,21.9618,0.0000,0.0000,0.0000,0.0000,0.0000,0.0000,-0.0032,0.4328,-0.0040,0.0000,0.0000,0.0000,0
-4703.1636,-28634.3926,24.9425,-5252.6104,-28084.4688,21.9618,0.0000,0.0000,0.0000,0.0000,0.0000,0.0000,-0.0032,0.4328,-0.0040,0.0000,0.0000,0.0000,0
-4703.1636,-28634.3926,24.9425,-5252.6104,-28084.4688,21.9618,0.0000,0.0000,0.0000,0.0000,0.0000,0.0000,-0.0032,0.4328,-0.0040,0.0000,0.0000,0.0000,0
-4703.1636,-28634.3926,24.9425,-5252.6104,-28084.4688,21.9618,0.0000,0.0000,0.0000,0.0000,0.0000,0.0000,-0.0032,0.4328,-0.0040,0.0000,0.0000,0.0000,0
-4703.1636,-28634.3926,24.9425,-5252.6104,-28084.4688,21.9618,0.0000,0.0000,0.0000,0.0000,0.0000,0.0000,-0.0032,0.4328,-0.0040,0.0000,0.0000,0.0000,0
-4703.1636,-28634.3926,24.9425,-5252.6099,-28084.4688,21.9618,0.0000,0.0000,0.0000,0.0000,0.0000,0.0000,-0.0032,0.4328,-0.0040,0.0000,0.0000,0.0000,0
-4703.1636,-28634.3926,24.9425,-5252.6099,-28084.4688,21.9618,0.0000,0.0000,0.0000,0.0000,0.0000,0.0000,-0.0032,0.4328,-0.0040,0.0000,0.0000,0.0000,0
-4703.1636,-28634.3926,24.9425,-5252.6099,-28084.4688,21.9618,0.0000,0.0000,0.0000,0.0000,0.0000,0.0000,-0.0032,0.4328,-0.0040,0.0000,0.0000,0.0000,0
-4703.1636,-28634.3926,24.9425,-5252.6099,-28084.4688,21.9618,0.0000,0.0000,0.0000,0.0000,0.0000,0.0000,-0.0032,0.4328,-0.0040,0.0000,0.0000,0.0000,0
-4703.1636,-28634.3926,24.9425,-5252.6099,-28084.4688,21.9618,0.0000,0.0000,0.0000,0.0000,0.0000,0.0000,-0.0032,0.4328,-0.0040,0.0000,0.0000,0.0000,0
-4703.1636,-28634.3926,24.9425,-5252.6099,-28084.4688,21.9618,0.0000,0.0000,0.0000,0.0000,0.0000,0.0000,-0.0032,0.4328,-0.0040,0.0000,0.0000,0.0000,0
-4703.1636,-28634.3926,24.9425,-5252.6099,-28084.4688,21.9618,0.0000,0.0000,0.0000,0.0000,0.0000,0.0000,-0.0032,0.4328,-0.0040,0.0000,0.0000,0.0000,0
-4703.1636,-28634.3926,24.9425,-5252.6099,-28084.4688,21.9618,0.0000,0.0000,0.0000,0.0000,0.0000,0.0000,-0.0032,0.4328,-0.0040,0.0000,0.0000,0.0000,0
-4703.1636,-28634.3926,24.9425,-5252.6099,-28084.4688,21.9618,0.0000,0.0000,0.0000,0.0000,0.0000,0.0000,-0.0032,0.4328,-0.0040,0.0000,0.0000,0.0000,0
-4703.1636,-28634.3926,24.9425,-5252.6099,-28084.4688,21.9618,0.0000,0.0000,0.0000,0.0000,0.0000,0.0000,-0.0032,0.4328,-0.0040,0.0000,0.0000,0.0000,0
